title,put_time,source,lead
土豆的热量高吗,2025-01-22 16:49,来源：互联网,在现代饮食中，土豆作为一种常见的食材，受到了广泛的喜爱。然而，关于土豆的热量问题却常常引发争议。本文将从土豆的热量、营养成分、烹饪方式及其在减肥饮食中的角色等方面进行深入探讨，帮助大家更好地理解土豆在健康饮食中的地位。
百香果的热量高吗,2025-01-21 17:27,来源：互联网,百香果，因其独特的香气和酸甜的口感，受到许多人的喜爱。作为一种热带水果，百香果不仅美味，而且营养丰富。对于正在减肥的人来说，了解百香果的热量及其营养成分至关重要。本文将从多个方面分析百香果的热量，并探讨其在减肥饮食中的作用。
酒的热量高吗,2025-01-21 17:22,来源：互联网,在现代社会，饮酒已经成为许多人社交和放松的一部分。然而，对于正在努力减肥的人来说，酒精的热量和对身体的影响却常常被忽视。本文将深入探讨酒的热量、不同类型酒精饮料的热量差异，以及饮酒对减肥的潜在影响。
火锅的热量高吗,2025-01-21 17:33,来源：互联网,火锅，作为一种受欢迎的美食，因其独特的口感和社交性质而备受喜爱。然而，随着健康意识的提高，很多人开始关注火锅的热量问题。本文将从多个角度分析火锅的热量，帮助大家更好地选择和享受这一美食。
夏威夷果的热量高吗,2025-01-21 17:37,来源：互联网,夏威夷果（Macadamia nuts）因其浓郁的口感和丰富的营养成分而受到广泛喜爱。然而，关于其热量高低的问题常常引发争议。本文将从多个角度探讨夏威夷果的热量、营养价值以及如何合理食用，帮助大家更好地理解这种美味坚果。
葛根粉的热量高吗,2025-01-21 17:29,来源：互联网,在当今社会，减肥已成为许多人追求的目标。而在众多的健康食品中，葛根粉以其独特的营养价值和健康益处受到了广泛关注。那么，葛根粉的热量到底高吗？本文将从多个角度分析葛根粉的热量及其对减肥的影响。
地瓜的热量高吗,2025-01-21 17:30,来源：互联网,地瓜，又称红薯，是一种广受欢迎的根茎类食物。它不仅味道鲜美，还富含营养，常被视为健康饮食的优秀选择。但很多人对地瓜的热量产生疑问，究竟它的热量高吗？本文将从多个角度解析地瓜的热量及其营养价值，并探讨其在减肥饮食中的作用。
板栗的热量高吗,2025-01-21 17:39,来源：互联网,板栗，作为一种受欢迎的坚果类食物，常常出现在秋冬季节的餐桌上。它不仅味道甘甜可口，还有着丰富的营养成分。然而，很多人在享用美味的同时，常常会担心它的热量问题。那么，板栗的热量到底高不高呢？在这篇文章中，我们将从多个角度分析板栗的热量及其对减肥的影响。
麻辣烫的热量高吗吃麻辣烫能不能减肥,2025-01-21 17:40,来源：互联网,麻辣烫作为一种广受欢迎的街头小吃，以其独特的麻辣风味和丰富的食材组合吸引了无数食客。然而，随着人们健康意识的增强，麻辣烫的热量问题也逐渐引起了关注。本文将从多个角度分析麻辣烫的热量情况，并探讨其对减肥和健康的影响。
玉米的热量高吗,2025-01-21 17:15,来源：互联网,玉米作为一种广泛种植的粮食作物，不仅是人们日常饮食中的重要组成部分，也是许多国家的主食之一。关于玉米的热量问题，很多人对此存在疑问。本文将从玉米的热量、营养成分、食用方式及其对减肥的影响等方面进行深入探讨。
香蕉的热量高吗,2025-01-21 17:14,来源：互联网,香蕉是一种广受欢迎的水果，以其独特的口感和丰富的营养而闻名。很多人对于香蕉的热量有疑问，特别是那些正在减肥或关注饮食健康的人。本文将从多个角度探讨香蕉的热量、营养成分以及其在减肥过程中的作用。
瓜子的热量高吗,2025-01-21 17:12,来源：互联网,在休闲时光，瓜子常常成为人们的零食首选，尤其是在看电视或聚会时。然而，关于瓜子的热量问题却一直存在争议。本文将从多个角度分析瓜子的热量及其对健康的影响，帮助大家更好地认识这一受欢迎的零食。
馒头的热量高吗,2025-01-21 17:07,来源：互联网,馒头作为一种传统的中国主食，深受人们的喜爱。它不仅口感柔软、易于消化，而且可以与多种菜肴搭配。然而，随着人们对健康饮食的关注，馒头的热量问题逐渐引起了大家的重视。本文将从热量、营养成分、食用方式以及减肥策略等方面来解析馒头的热量是否高，以帮助减肥者做
凉皮的热量高吗,2025-01-21 17:23,来源：互联网,凉皮作为一种受欢迎的传统小吃，以其独特的口感和丰富的配料吸引了众多食客。然而，很多人对于凉皮的热量却存有疑虑。本文将从凉皮的成分、热量及其对减肥的影响等方面进行详细分析，帮助大家更好地理解这一美食。
米饭的热量高吗,2025-01-21 17:06,来源：互联网,米饭作为全球许多地区的主食，尤其是在亚洲国家，扮演着重要的角色。然而，对于减肥人士来说，米饭的热量问题常常引发争议。本文将从米饭的热量、营养成分、食用方式及替代品等方面进行深入探讨。
吃五花肉加生菜减肥吗,2025-01-20 17:41,来源：互联网,在减肥的过程中，饮食选择是至关重要的一环。许多人认为吃肉会导致体重增加，而生菜则是减肥的最佳选择。那么，五花肉加生菜的搭配是否能在减肥过程中发挥积极作用呢？本文将从多个角度探讨这一问题。
喝拿铁减肥吗,2025-01-20 17:42,来源：互联网,随着健康意识的提高，越来越多的人开始关注饮食与体重的关系。咖啡因作为一种常见的饮品，尤其是拿铁，其受欢迎程度不言而喻。但喝拿铁真的能帮助减肥吗？本文将从多个角度探讨这个问题。
豌豆粉丝的热量高吗,2025-01-20 17:36,来源：互联网,随着健康饮食观念的普及，越来越多的人开始关注食物的热量和营养成分。在众多的健康食品中，豌豆粉丝因其独特的口感和营养价值而受到青睐。那么，豌豆粉丝的热量到底高不高呢？本文将从多个角度分析豌豆粉丝的热量及其对减肥的影响。
酸辣粉丝的热量高吗,2025-01-20 17:38,来源：互联网,酸辣粉丝是一道广受欢迎的小吃，以其独特的酸辣口味和滑嫩的粉丝赢得了众多食客的青睐。然而，许多人在享受这道美食时，不禁会问：酸辣粉丝的热量高吗？本文将从多个角度解析酸辣粉丝的热量及其对健康的影响。
红薯粉丝的热量高吗,2025-01-20 17:34,来源：互联网,红薯粉丝，作为一种受欢迎的食材，近年来在健康饮食中逐渐崭露头角。很多人对红薯粉丝的热量和营养价值充满好奇，尤其是在减肥和保持身材的过程中。本文将从多个角度探讨红薯粉丝的热量、营养成分以及其在健康饮食中的角色。
麻辣烫的热量高吗?减肥能吃吗,2025-01-20 17:32,来源：互联网,麻辣烫作为一种受欢迎的街头美食，以其独特的麻辣风味和丰富的食材选择受到广大食客的喜爱。然而，对于正在减肥的人来说，麻辣烫的热量和营养成分是否适合食用呢？本文将从麻辣烫的热量、食材选择、调味料以及健康替代品等方面进行分析，帮助大家更好地理解在减肥期间如
南瓜瓜子的热量高吗,2025-01-20 17:31,来源：互联网,南瓜瓜子作为一种受欢迎的零食，常常出现在我们的日常饮食中。它不仅味道鲜美，还有丰富的营养成分。然而，关于南瓜瓜子的热量问题，很多人对此存在疑问。本文将从多个方面探讨南瓜瓜子的热量、营养价值及其在减肥饮食中的角色。
奶油西瓜子的热量高吗,2025-01-20 17:27,来源：互联网,在众多的零食中，奶油西瓜子因其独特的口感和香浓的味道而受到许多人的喜爱。然而，随着人们对健康饮食的关注，奶油西瓜子的热量问题逐渐引起了大家的重视。本文将从多个角度分析奶油西瓜子的热量，并提供一些健康饮食的建议。
原味瓜子的热量高吗,2025-01-20 17:20,来源：互联网,瓜子作为一种受欢迎的休闲零食，常常出现在聚会、看电视或闲暇时光中。它的香脆口感和丰富的营养成分吸引了众多消费者，但关于原味瓜子的热量问题却常常引发争议。本文将从多个角度探讨原味瓜子的热量及其对健康的影响，并给出合理的食用建议。
花生瓜子的热量高吗,2025-01-20 17:26,来源：互联网,在现代生活中，花生和瓜子作为受欢迎的零食，常常出现在我们的餐桌上。许多人在享受这些美味的同时，也开始关注它们的热量和营养成分。本文将深入探讨花生和瓜子的热量，营养价值，以及如何合理地将它们纳入日常饮食中。
哪一款黑咖啡减肥燃脂效果好,2025-01-17 17:35,来源：互联网,黑咖啡因其独特的成分和低热量特性，成为了许多减肥人士的首选饮品。然而，市场上黑咖啡的种类繁多，究竟哪一款黑咖啡减肥燃脂效果最好呢？本文将从几个方面为您解析，帮助您选择最适合自己的黑咖啡。
一根香蕉的热量高吗,2025-01-20 17:18,来源：互联网,香蕉是一种广受欢迎的水果，因其便捷、营养丰富而成为许多人的日常选择。然而，在减肥和健康饮食的讨论中，香蕉的热量问题常常引发争议。本文将从多个角度分析香蕉的热量，帮助读者更好地理解这一水果的营养价值及其在饮食中的地位。
花生的热量高吗减肥可以吃吗,2025-01-20 17:15,来源：互联网,在减肥的过程中，饮食控制是至关重要的一环。很多人对花生的热量产生疑虑，认为花生的高热量会影响减肥效果。那么，花生的热量究竟高吗？减肥期间能否食用？本文将从多个角度探讨这个问题，并提供一些实用的建议。
带壳炒花生的热量高吗,2025-01-20 17:15,来源：互联网,在众多的零食中，带壳炒花生因其独特的口感和丰富的营养而备受欢迎。然而，作为一种常见的小吃，很多人对其热量有疑虑。本文将从多个角度分析带壳炒花生的热量，并探讨其在日常饮食中的角色。
多彩花生的热量高吗,2025-01-20 17:12,来源：互联网,在现代饮食中，花生作为一种受欢迎的零食，因其口感丰富和营养价值而备受青睐。尤其是近年来，多彩花生因其色彩斑斓的外观吸引了众多消费者的关注。然而，关于多彩花生的热量问题却常常引发争议。本文将从多个角度探讨多彩花生的热量及其对健康的影响。
吃腰果减肥吗,2025-01-17 17:33,来源：互联网,在减肥的过程中，饮食的选择是至关重要的。许多人在减肥时会选择避免坚果，因为它们通常含有较高的热量。然而，腰果作为一种美味的坚果，是否真的适合减肥期间食用呢？本文将从多个角度探讨腰果对减肥的影响。
吃萝卜干能减肥吗,2025-01-17 17:32,来源：互联网,随着人们对健康和体重管理的关注，越来越多的人开始探索各种食物对减肥的影响。萝卜干作为一种常见的腌制食品，因其独特的口感和风味受到许多人的喜爱。那么，吃萝卜干真的能帮助减肥吗？本文将从营养成分、饱腹感、热量控制和饮食搭配等多个方面来探讨这个问题。
红小豆怎么吃减肥效果最好的,2025-01-17 17:31,来源：互联网,红小豆，又称赤小豆，是一种富含营养且低热量的食材，因其独特的营养成分和多种健康益处，成为减肥人士的热门选择。本文将探讨红小豆的减肥效果，以及如何科学地将其融入日常饮食中，以达到最佳减肥效果。
喝益生元能减肥吗,2025-01-17 17:27,来源：互联网,在现代社会，减肥已经成为许多人关注的热点话题。随着健康意识的提高，越来越多的人开始探索通过饮食来管理体重。益生元作为一种新兴的营养补充品，逐渐引起了人们的关注。那么，喝益生元真的能帮助减肥吗？本文将从多个角度分析益生元的作用及其对减肥的潜在影响。
喝蒲公英茶可以减肥吗,2025-01-17 17:26,来源：互联网,在现代社会，减肥已成为许多人关注的焦点。随着健康意识的提升，越来越多的人开始寻找自然的减肥方法。蒲公英茶作为一种传统的草本饮品，近年来受到越来越多的关注。那么，喝蒲公英茶真的可以帮助减肥吗？本文将从多个角度探讨蒲公英茶的减肥潜力。
喝美式黑咖啡可以减肥吗,2025-01-17 17:25,来源：互联网,在现代社会，减肥已经成为许多人追求的目标。在众多减肥方法中，饮用美式黑咖啡因其独特的成分和效果而受到广泛关注。本文将从几个方面探讨美式黑咖啡是否真的可以帮助减肥，并提供一些实践建议。
吃山楂能减肥吗有什么好处吗,2025-01-17 17:24,来源：互联网,随着人们对健康生活的重视，减肥成为了许多人的目标。在众多减肥食品中，山楂以其独特的口感和丰富的营养成分，逐渐引起了人们的关注。那么，吃山楂真的能帮助减肥吗？本文将从山楂的营养成分、减肥机制以及食用方法等方面进行探讨。
吃糯米能减肥吗,2025-01-17 17:16,来源：互联网,在减肥的道路上，饮食是一个关键因素。许多人认为，米饭是减肥的“敌人”，尤其是糯米。糯米因其独特的口感和粘稠性，常常被用来制作各种美食。然而，糯米真的不能减肥吗？本文将从多个角度分析糯米的营养成分、饱腹感、血糖指数及其在减肥中的作用，帮助你更好地理解糯
吃高粱可以减肥吗,2025-01-17 17:15,来源：互联网,在现代社会，减肥已经成为了许多人追求的目标。饮食是减肥的关键因素之一，而高粱作为一种传统的谷物，近年来逐渐受到关注。那么，吃高粱真的可以帮助减肥吗？本文将从高粱的营养成分、饱腹感、血糖控制及其在饮食中的应用等方面进行探讨。
减肥吃青瓜有什么好处,2025-01-17 17:13,来源：互联网,在现代社会中，减肥已成为许多人追求健康生活方式的重要目标。饮食在减肥过程中扮演着至关重要的角色，而青瓜作为一种低热量、高营养的蔬菜，逐渐成为减肥者的首选。本文将探讨青瓜在减肥中的诸多好处，并引申出与之相关的健康饮食理念。
地瓜干减肥能吃吗,2025-01-17 17:09,来源：互联网,随着健康生活理念的普及，越来越多的人开始关注饮食对减肥的影响。地瓜干作为一种受欢迎的零食，常常被人们拿来作为减肥的选择之一。那么，地瓜干真的适合减肥吗？本文将从地瓜干的营养成分、热量、饱腹感、以及食用建议等多个方面进行分析。
酵素果冻饭前吃还是饭后吃能减肥,2025-01-16 17:30,来源：互联网,随着健康意识的提升，越来越多的人开始关注减肥和保持身材的方法。酵素果冻作为一种新兴的健康食品，因其低热量、易消化等特点受到许多减肥者的青睐。那么，饭前吃还是饭后吃酵素果冻更能帮助减肥呢？本文将从多个角度分析这一问题，并给出合理的建议。
玉米怎么吃减肥,2025-01-16 17:26,来源：互联网,在减肥的过程中，选择健康的食物是至关重要的。玉米，这种常见的粮食作物，不仅美味可口，还富含多种营养成分，是减肥餐中的理想选择。本文将从玉米的营养价值、不同的吃法、搭配技巧以及注意事项等方面探讨如何通过玉米来帮助减肥。
蜂蜜怎么吃减肥,2025-01-16 17:20,来源：互联网,在减肥的过程中，很多人会选择严格的饮食控制和高强度的锻炼，但其实，合理的饮食搭配同样可以帮助我们达到减肥的效果。蜂蜜作为一种天然的甜味剂，不仅美味可口，还具有多种健康益处。本文将探讨蜂蜜在减肥中的作用以及如何科学地将其融入日常饮食中。
茯苓粉怎么吃减肥,2025-01-16 17:16,来源：互联网,在减肥的过程中，选择合适的食材和方法至关重要。茯苓粉作为一种传统中药材，因其独特的营养成分和保健功效，近年来逐渐受到关注。本文将为您详细介绍茯苓粉的减肥功效、食用方法以及注意事项，帮助您实现健康瘦身的目标。
鸡蛋怎么吃减肥,2025-01-16 17:23,来源：互联网,在减肥的过程中，饮食的选择至关重要。鸡蛋作为一种营养丰富的食材，因其高蛋白、低热量的特性，成为了减肥人士的优选。本文将探讨鸡蛋的多种吃法，帮助你在减肥过程中更好地利用这一食材。
苹果怎么吃能减肥,2025-01-16 16:58,来源：互联网,苹果是一种营养丰富的水果，因其低热量、高纤维和丰富的维生素而受到广泛推崇。许多人在减肥过程中选择苹果作为零食或主食的一部分，但你知道吗？吃苹果的方式也会影响减肥效果。本文将探讨如何通过科学的方式食用苹果，帮助你更有效地减肥。
萝卜怎么吃减肥,2025-01-16 17:11,来源：互联网,萝卜是一种营养丰富、热量低的蔬菜，因其独特的口感和多样的食用方式，成为减肥人士的理想选择。本文将从萝卜的营养成分、食用方法、搭配建议及其对减肥的帮助等方面进行详细探讨。
一天怎么吃能减肥,2025-01-16 16:55,来源：互联网,减肥并不是一蹴而就的过程，而是需要通过科学的饮食和生活方式来实现的。本文将为您提供一天的饮食计划，帮助您在享受美食的同时，达到减肥的效果。
鸡胸肉怎么吃减肥,2025-01-16 16:59,来源：互联网,在减肥的过程中，选择合适的食物至关重要。鸡胸肉因其低脂肪、高蛋白的特性，成为了许多减肥人士的首选食材。本文将探讨鸡胸肉的多种吃法，以及如何将其融入日常饮食中，帮助你实现减肥目标。
荷叶配什么喝减肥效果好,2025-01-16 16:54,来源：互联网,在减肥的过程中，饮食和饮品的选择至关重要。荷叶作为一种传统的中药材，因其具有良好的减肥效果而受到越来越多人的关注。荷叶富含多种生物活性成分，能够促进脂肪代谢、降低血脂，并且具有利尿作用，帮助排出体内多余的水分。为了更好地发挥荷叶的减肥效果，搭配合适的
尖椒减肥可以吃吗,2025-01-16 16:51,来源：互联网,在现代社会，随着人们对健康和身材的关注，减肥已成为许多人生活中的重要目标。而在众多减肥食材中，尖椒因其独特的风味和营养成分，逐渐成为备受关注的减肥食材之一。那么，尖椒到底能否帮助减肥？让我们从几个方面来探讨这个问题。
减肥吃黑芝麻的功效与作用,2025-01-16 16:49,来源：互联网,在现代社会，减肥已成为许多人关注的焦点。减肥不仅仅是为了追求苗条的身材，更是为了健康的生活方式。而在众多的减肥食材中，黑芝麻因其独特的营养成分和多重功效，逐渐成为减肥人士的首选之一。本文将深入探讨黑芝麻在减肥过程中的功效与作用。
花胶减肥可以吃吗,2025-01-16 16:46,来源：互联网,近年来，随着健康饮食观念的普及，花胶作为一种高营养价值的食材，逐渐走入了大众的视野。许多人开始关注花胶在减肥过程中的作用。那么，花胶真的适合减肥期间食用吗？本文将从多个角度探讨这一问题，并给出相关建议。
咖啡和茶哪个燃脂好,2025-01-16 16:42,来源：互联网,在现代生活中，咖啡和茶都是备受欢迎的饮品。它们不仅能提神醒脑，还被许多人视为减肥的良伴。但究竟咖啡和茶哪个更能帮助燃脂呢？本文将从多个角度探讨这两种饮品的燃脂效果，并引申出相关的健康话题。
吃马蹄能减肥吗,2025-01-15 17:39,来源：互联网,马蹄，又称荸荠，是一种常见的水生植物，其肉质根茎不仅口感脆嫩，且富含多种营养成分。近年来，随着健康饮食观念的普及，越来越多的人开始关注马蹄在减肥中的作用。本文将从多个角度探讨马蹄是否能够帮助减肥，以及其营养价值和适合人群。
吃减脂餐会影响月经吗,2025-01-15 17:31,来源：互联网,在现代社会，越来越多的人关注健康与体重管理，减脂餐成为了许多减肥者的选择。然而，饮食的变化是否会影响女性的月经周期呢？本文将从多个角度探讨减脂餐对月经的潜在影响，并提供一些相关的饮食建议。
吃减脂餐的好处和坏处,2025-01-15 17:23,来源：互联网,在现代社会，随着人们健康意识的提升和肥胖问题的日益严重，减脂餐逐渐成为许多人饮食选择的热门趋势。然而，减脂餐并非只有好处，也存在一些潜在的坏处。本文将从多个角度探讨减脂餐的好处与坏处，帮助读者更全面地理解这一饮食方式。
吃减脂餐加运动一个月大概能瘦多少斤,2025-01-15 17:28,来源：互联网,在现代社会，减肥已成为许多人追求健康生活的重要目标。通过合理的饮食和适量的运动，我们可以在一个月内实现显著的减脂效果。本文将探讨吃减脂餐加运动一个月大概能瘦多少斤，并引申相关内容，以帮助大家更好地规划自己的减脂之路。
吃减脂餐一个月大概能瘦多少斤,2025-01-15 17:20,来源：互联网,随着健康意识的提升，越来越多人开始关注饮食与体重管理。减脂餐成为了许多人减肥计划中的重要组成部分。那么，吃减脂餐一个月大概能瘦多少斤呢？本文将从多个方面进行分析，帮助大家更好地理解减脂餐的作用和效果。
吃流食可以减肥吗,2025-01-15 17:15,来源：互联网,随着健康意识的提高，越来越多的人开始关注饮食对身体的影响。其中，流食饮食法因其便捷和低热量的特性而受到青睐。然而，流食真的能帮助减肥吗？本文将从多个角度探讨流食的减肥效果、优缺点以及注意事项。
吃减脂餐真的能瘦吗,2025-01-15 17:17,来源：互联网,随着健康意识的提升，越来越多的人开始关注饮食对体重管理的影响。减脂餐作为一种流行的饮食方式，宣称能够帮助人们有效减肥。然而，吃减脂餐真的能瘦吗？本文将从多个角度探讨减脂餐的真实效果。
吃阿胶减肥吗,2025-01-15 17:05,来源：互联网,阿胶作为一种传统的滋补食品，近年来在减肥领域引起了广泛关注。很多人认为阿胶可以帮助减肥，但事实真的是这样吗？本文将从多个方面探讨阿胶与减肥之间的关系，帮助大家更好地理解这一话题。
紫菜怎么吃能减肥,2025-01-15 17:02,来源：互联网,紫菜，作为一种营养丰富的海洋食品，因其低热量、高纤维和丰富的矿物质而受到越来越多减肥者的青睐。在这篇文章中，我们将探讨紫菜的多种吃法，以及它如何帮助你实现减肥目标。
吃维c可以减肥吗,2025-01-15 17:04,来源：互联网,随着健康意识的提升，越来越多的人开始关注饮食与减肥之间的关系。维生素C作为一种重要的营养素，常常被提及在减肥过程中是否具有一定的作用。本文将深入探讨维生素C与减肥之间的关系，并分析其潜在的影响。
香蕉加酸奶什么时候吃能减肥,2025-01-15 17:01,来源：互联网,在减肥的过程中，饮食的选择至关重要。许多人在寻找健康的零食时，香蕉和酸奶这对组合常常被提及。它们不仅美味可口，而且富含营养，适合在减肥期间食用。那么，香蕉加酸奶的最佳食用时间是什么时候呢？本文将从多个角度分析这一问题，并探讨其在减肥中的作用。
苹果能减肥吗苹果怎么吃能减肥,2025-01-15 16:58,来源：互联网,苹果是一种广受欢迎的水果，因其丰富的营养价值和独特的口感而备受青睐。近年来，越来越多的人将苹果视为减肥的良伴。那么，苹果真的能帮助减肥吗？在这篇文章中，我们将探讨苹果的减肥效果以及如何正确食用苹果来达到最佳的减肥效果。
乳酸菌素片和什么一起吃能减肥,2025-01-15 16:59,来源：互联网,在减肥的过程中，很多人会选择乳酸菌素片作为辅助工具。乳酸菌素片不仅有助于调节肠道菌群，还有助于提高新陈代谢，促进脂肪的消耗。然而，如何搭配食物以达到更好的减肥效果呢？本文将为您介绍乳酸菌素片与几种食物的最佳搭配，帮助您在减肥的道路上更为顺利。
一根甘蔗的热量是多少,2025-01-14 17:45,来源：互联网,甘蔗，作为一种传统的农作物，不仅在热带和亚热带地区广泛种植，而且因其甜美的口感和丰富的营养成分而受到人们的喜爱。然而，对于正在进行减肥的人来说，了解甘蔗的热量及其对健康的影响至关重要。本文将探讨一根甘蔗的热量、营养成分以及在减肥过程中应如何合理食用。
瑞幸咖啡轻轻茉莉热量是多少,2025-01-14 17:42,来源：互联网,在现代快节奏的生活中，咖啡已成为许多人日常生活的一部分，尤其是瑞幸咖啡，以其便捷的外卖服务和多样的饮品选择赢得了广泛的喜爱。其中，轻轻茉莉作为一款独特的饮品，凭借其清新的口感和优雅的香气，吸引了不少消费者的关注。然而，作为减肥专家，我们在享受美味的同
小黄油美式热量是多少,2025-01-14 17:41,来源：互联网,在现代饮食中，小黄油（又称“美式黄油”）作为一种流行的调味品和烹饪材料，常常出现在我们的餐桌上。它不仅为食物增添了丰富的风味，还被广泛用于烘焙和烹饪。然而，许多人在享用这美味的同时，往往忽视了它的热量和营养成分。本文将深入探讨小黄油的热量、成分及其对
泡面的热量是多少,2025-01-14 17:37,来源：互联网,泡面，作为一种方便快捷的食品，深受许多人喜爱。然而，很多人并不知道泡面的热量和营养成分可能对健康造成的影响。本文将从泡面的热量、营养成分、健康影响以及如何健康选择泡面等几个方面进行分析。
一个馒头的热量是多少,2025-01-14 17:35,来源：互联网,馒头，作为中国传统的主食之一，因其口感松软、易于消化而受到广泛喜爱。但对于正在进行减肥的人来说，了解馒头的热量以及其在饮食中的位置至关重要。本文将从馒头的热量、营养成分、饮食搭配以及减肥策略等多个方面进行分析。
益生菌怎么吃减肥效果最好,2025-01-14 17:25,来源：互联网,随着健康意识的提高，益生菌作为一种有益于肠道健康的微生物，越来越受到关注。近年来，研究发现益生菌不仅能够改善消化系统，还可能在减肥过程中发挥重要作用。本文将探讨益生菌的作用机制、如何有效食用益生菌以实现减肥效果，以及相关的饮食建议。
牛肉怎么吃减肥效果最好,2025-01-14 17:19,来源：互联网,牛肉作为一种高蛋白、低碳水化合物的食物，常常被认为是减肥饮食中的“明星”食材。合理地食用牛肉，不仅可以满足我们的口腹之欲，还能帮助我们在减肥过程中保持肌肉质量。本文将从多个角度探讨如何科学地食用牛肉，以达到最佳的减肥效果。
白菜怎么吃减肥效果最好,2025-01-14 17:26,来源：互联网,白菜作为一种低热量、高纤维的蔬菜，近年来在减肥饮食中受到越来越多人的青睐。它不仅营养丰富，而且可以通过多种方式烹饪，帮助我们在享受美味的同时，达到减肥的效果。本文将从多个方面探讨如何通过合理食用白菜来实现减肥目标。
西兰花怎么吃减肥效果最好,2025-01-14 17:22,来源：互联网,西兰花，作为一种营养丰富的蔬菜，因其低热量、高纤维和丰富的维生素而成为减肥饮食中的明星。本文将详细探讨西兰花的最佳食用方法，帮助你在减肥过程中取得更好的效果。
白萝卜怎么吃减肥效果最好,2025-01-14 17:01,来源：互联网,白萝卜，作为一种低热量、高纤维的蔬菜，近年来在减肥圈中备受推崇。它不仅能帮助我们控制体重，还能促进消化、提高免疫力。本文将从多个角度探讨白萝卜的减肥效果，教你如何通过科学合理的方式来食用白萝卜，以达到最佳的减肥效果。
减脂能吃山药吗,2025-01-14 16:59,来源：互联网,在减脂的过程中，饮食是一个至关重要的因素。很多人对食物的选择非常谨慎，尤其是对碳水化合物的摄入。然而，山药作为一种营养丰富的食材，是否适合减脂期间食用呢？本文将从多个方面探讨山药的营养价值、减脂效果以及如何在饮食中合理搭配。
减肥晚上可以吃西兰花吗,2025-01-13 17:32,来源：互联网,在减肥过程中，饮食选择至关重要，尤其是晚餐的搭配。许多人在晚上会对食物产生疑虑，尤其是对某些蔬菜的选择。那么，晚上吃西兰花是否合适呢？本文将从西兰花的营养价值、减肥效果、适宜食用的方法以及注意事项等方面进行探讨。
吃松花蛋能减肥吗,2025-01-14 16:56,来源：互联网,松花蛋，又称皮蛋，是一种广受欢迎的传统中国食品。它以独特的风味和丰富的营养价值而著称，但在减肥过程中，松花蛋是否能成为你的好伙伴呢？本文将从多个角度探讨松花蛋在减肥中的作用。
减脂晚餐吃什么掉秤最快,2025-01-14 16:58,来源：互联网,减脂是一项长期的挑战，而晚餐的选择在减脂过程中尤为重要。一个科学合理的晚餐不仅能帮助你控制热量摄入，还能提供身体所需的营养。本文将为您详细介绍减脂晚餐的最佳选择，助您快速掉秤。
减肥半夜可以吃西红柿吗,2025-01-13 17:30,来源：互联网,在减肥的过程中，饮食的选择至关重要，尤其是在夜晚。许多人在半夜感到饥饿时，往往会选择一些快速、方便的食物来填饱肚子。那么，减肥期间半夜吃西红柿是否可行呢？本文将从多方面探讨这个问题，并提供一些相关的饮食建议。
十大燃脂黑咖啡有哪些,2025-01-13 17:29,来源：互联网,在减肥的过程中，饮食和运动是两大关键因素。而咖啡，尤其是黑咖啡，因其独特的成分和效果，成为了许多人减脂饮食中的重要一环。本文将为您介绍十大燃脂黑咖啡，帮助您在享受美味的同时，助力减肥。
热美式和冰美式哪个更能促进燃脂,2025-01-13 17:27,来源：互联网,在现代社会，咖啡已经成为了许多人的日常饮品，而美式咖啡以其浓郁的口感和提神的效果，受到了广泛的欢迎。然而，对于正在进行减肥的人来说，热美式和冰美式之间的选择不仅仅是口味的问题，更可能影响到燃脂的效果。本文将从多个角度分析热美式与冰美式对燃脂的影响，帮
吃生菜球可以减肥吗,2025-01-13 17:25,来源：互联网,随着健康饮食的普及，生菜球作为一种低热量、营养丰富的食物，越来越受到减肥者的青睐。那么，吃生菜球真的能帮助减肥吗？本文将从多个角度探讨生菜球对减肥的影响，并引申出相关的饮食和生活方式建议。
葛根泡水喝能减肥吗,2025-01-13 17:23,来源：互联网,近年来，随着健康意识的提高，越来越多的人开始关注饮食与减肥的关系。在众多减肥食材中，葛根因其丰富的营养成分和潜在的健康益处而备受关注。那么，葛根泡水喝真的能帮助减肥吗？本文将从多个角度探讨这一问题，并为您提供一些实用的减肥建议。
吃虾青素能减肥吗,2025-01-13 17:22,来源：互联网,虾青素（Astaxanthin）是一种天然的类胡萝卜素，主要存在于某些海洋生物中，如虾、蟹和鲑鱼等。近年来，虾青素因其强大的抗氧化能力和潜在的健康益处而受到广泛关注。许多人开始探讨虾青素在减肥方面的效果。本文将从多个角度分析虾青素与减肥的关系，并探讨其对健康的
一个鸡爪的热量是多少,2025-01-13 17:17,来源：互联网,鸡爪，作为一种独特的美食，在许多国家和地区都备受欢迎。它不仅口感独特，而且富有嚼劲，常常成为下酒菜或小吃。然而，对于关注体重和健康的人来说，鸡爪的热量和营养成分却是一个需要认真对待的话题。本文将深入探讨鸡爪的热量、营养价值及其在减肥饮食中的角色。
一个鸡蛋的热量是多少大卡,2025-01-13 17:20,来源：互联网,鸡蛋作为一种常见的食品，因其丰富的营养成分和便捷的烹饪方式而受到广泛喜爱。在减肥和健康饮食的背景下，了解鸡蛋的热量及其营养价值显得尤为重要。本文将详细探讨鸡蛋的热量、营养成分以及在减肥饮食中的作用。
10大快速燃脂食物,2025-01-13 17:21,来源：互联网,在减肥的过程中，饮食是至关重要的一环。选择合适的食物不仅可以帮助你控制热量摄入，还能加速脂肪的燃烧。下面，我们将为你介绍10种快速燃脂的食物，帮助你在减脂的道路上事半功倍。
一串糖葫芦的热量是多少,2025-01-13 17:15,来源：互联网,糖葫芦，作为一种传统的小吃，常常让人垂涎欲滴。无论是在街头巷尾，还是在节日庆典中，它总是吸引着无数食客的目光。然而，面对这美味的糖葫芦，很多人不禁会问：它的热量到底有多少？今天，我们就来深入探讨糖葫芦的热量及其对健康的影响。
黄瓜热量是多少,2025-01-13 17:12,来源：互联网,黄瓜，作为一种常见的蔬菜，因其清爽的口感和丰富的营养价值而受到广泛喜爱。尤其是在减肥和健康饮食方面，黄瓜更是备受推崇。本文将详细探讨黄瓜的热量、营养成分、减肥效果及其在日常饮食中的应用。
一顿火锅的热量是多少,2025-01-13 17:08,来源：互联网,火锅作为一种深受欢迎的美食，不仅在寒冷的冬天带来温暖，更是聚会时的最佳选择。然而，火锅的热量却是许多人在享受美味时常常忽视的问题。本文将从火锅的主要成分、不同类型火锅的热量、如何合理搭配以及健康食用火锅的建议四个方面，深入探讨一顿火锅的热量究竟有多高
无花果干吃了会胖吗,2025-01-10 17:26,来源：互联网,无花果干是一种营养丰富的小吃，因其独特的口感和甜美的味道而受到许多人的喜爱。然而，关于无花果干是否会导致体重增加的问题，常常引发争论。本文将从多个角度分析无花果干的营养成分、食用量对体重的影响、以及如何合理搭配饮食，以帮助大家更好地理解这一美味食品。
一个芭乐的热量是多少,2025-01-13 17:06,来源：互联网,芭乐，又称番石榴，是一种营养丰富的热带水果，因其独特的口感和多种健康益处而受到广泛喜爱。本文将探讨芭乐的热量及其对减肥和健康的影响，同时引申出一些相关的饮食建议。
橙子吃了会胖吗,2025-01-10 17:21,来源：互联网,橙子是一种广受欢迎的水果，以其甜美的味道和丰富的营养而闻名。很多人在减肥期间会对水果的摄入产生疑虑，尤其是像橙子这样含糖量相对较高的水果。那么，吃橙子究竟会导致发胖吗？本文将从多个角度分析橙子的营养价值、热量、饱腹感以及在减肥饮食中的作用。
腰果吃了会胖吗,2025-01-10 17:25,来源：互联网,在减肥的过程中，很多人对坚果类食品的摄入持谨慎态度，尤其是腰果。腰果是一种美味且营养丰富的坚果，但它们是否会导致体重增加呢？本文将从多个角度分析腰果的营养成分、热量、饱腹感以及如何合理食用，帮助你更好地理解腰果与减肥之间的关系。
花胶吃了会胖吗,2025-01-10 17:16,来源：互联网,花胶，作为一种高营养价值的食材，近年来在饮食界备受关注。许多人在享受其美味的同时，也开始担心其热量是否会导致体重增加。那么，花胶吃了会胖吗？本文将从多个角度探讨这个问题，并引申出相关内容，帮助大家更好地理解花胶的营养价值及其对减肥的影响。
米饭吃了会胖吗,2025-01-10 17:11,来源：互联网,在减肥和健康饮食的讨论中，米饭常常成为焦点。很多人认为米饭是导致体重增加的罪魁祸首，但事实真的是这样吗？本文将从多个角度分析米饭对体重的影响，并提供一些科学的饮食建议。
橘子吃了会胖吗,2025-01-10 17:14,来源：互联网,在减肥的过程中，很多人对水果的摄入持有疑虑，尤其是橘子这种美味的水果。橘子不仅酸甜可口，还富含维生素C和膳食纤维，但它是否会导致体重增加呢？本文将从多个角度探讨橘子的营养价值、热量、对减肥的影响以及如何合理食用橘子。
两个馒头的热量是多少,2025-01-13 17:13,来源：互联网,在减肥的过程中，了解食物的热量是非常重要的一步。馒头作为一种常见的主食，受到许多人的喜爱，但它的热量到底是多少呢？本文将通过几个方面来探讨两个馒头的热量以及与之相关的减肥知识。
甘蔗吃了会胖吗,2025-01-10 16:36,来源：互联网,甘蔗，作为一种天然的甜食，常常出现在我们的日常饮食中。无论是直接咀嚼，还是榨汁饮用，甘蔗都以其独特的甜味和营养价值受到许多人的喜爱。然而，关于甘蔗是否会导致发胖的问题，常常引发争议。本文将从多个角度探讨甘蔗的营养成分、其对体重的影响以及如何合理食用甘
鸡蛋吃了会胖吗,2025-01-10 17:09,来源：互联网,在减肥和健康饮食的讨论中，鸡蛋常常被提及。有人认为鸡蛋富含蛋白质和营养成分，有助于减肥；而另一些人则担心鸡蛋中的胆固醇和热量会导致发胖。那么，鸡蛋到底会让我们发胖吗？本文将从多个角度探讨这一问题，并提供一些健康饮食的建议。
瓜子吃了会胖吗,2025-01-10 17:00,来源：互联网,在日常生活中，瓜子作为一种受欢迎的零食，常常出现在我们的茶余饭后。然而，很多人对瓜子的热量和脂肪含量心存疑虑，担心吃瓜子会导致发胖。本文将从多个角度探讨瓜子的营养价值、热量、食用方式以及对减肥的影响，帮助大家科学看待瓜子。
冬季减肥食谱一日三餐,2025-01-10 16:33,来源：互联网,冬季是一个容易让人发胖的季节，寒冷的天气让人更倾向于选择高热量、高脂肪的食物。然而，冬季也是减肥的好时机，只要我们合理搭配饮食，就能在享受美食的同时保持苗条身材。本文将为大家提供一份冬季减肥食谱，涵盖早餐、午餐和晚餐的健康搭配，帮助你在这个季节轻松减
鱼胶吃了会胖吗,2025-01-10 17:06,来源：互联网,鱼胶，又称鱼肚，是一种由鱼鳔制成的食材，因其独特的口感和丰富的营养价值而广受欢迎。近年来，随着健康饮食观念的普及，越来越多的人开始关注鱼胶的营养成分及其对体重的影响。那么，鱼胶真的会让人发胖吗？本文将从多个方面进行深入探讨。
粉丝吃了会胖吗,2025-01-09 17:44,来源：互联网,在当今社会，粉丝作为一种受欢迎的食品，常常出现在我们的餐桌上。无论是热腾腾的粉丝汤，还是炒粉丝，都是人们喜爱的美食。然而，随着减肥意识的增强，许多人开始担心：粉丝吃了会胖吗？本文将从多个角度分析粉丝的营养成分、热量、食用方式以及饮食搭配，帮助大家更好
冬天减肥快还是夏天减肥快,2025-01-10 16:32,来源：互联网,随着人们对健康和身材的重视，减肥成为了许多人的日常任务。然而，减肥的效果受到多种因素的影响，其中季节的变化也是一个不可忽视的因素。那么，冬天减肥快还是夏天减肥快呢？本文将从多个角度进行分析，帮助你找到适合自己的减肥策略。
鱼胶吃了会不会胖,2025-01-09 17:40,来源：互联网,在当今的健康饮食潮流中，鱼胶（鱼肚）作为一种高蛋白、低脂肪的食材，逐渐受到越来越多人的青睐。然而，许多人在减肥期间对于鱼胶是否会导致发胖存在疑虑。本文将从鱼胶的营养成分、食用方法以及其对减肥的影响等方面进行深入探讨，帮助你更好地理解鱼胶在饮食中的角色
土豆吃了会胖吗,2025-01-09 17:46,来源：互联网,土豆作为一种常见的食材，常常被人们用来制作各种美味的菜肴。然而，关于土豆是否会导致肥胖的问题却一直存在争议。本文将从土豆的营养成分、食用方式、饱腹感以及与其他食物的比较等多个方面进行探讨，帮助大家更好地理解土豆在减肥中的角色。
辣椒炒鸡蛋吃了会胖吗,2025-01-09 17:39,来源：互联网,辣椒炒鸡蛋是一道常见的家常菜，因其色香味俱全而备受喜爱。然而，许多人在减肥期间会对这道菜产生疑虑：吃辣椒炒鸡蛋会导致发胖吗？本文将从多个角度分析辣椒炒鸡蛋的营养成分、热量、减肥效果以及如何合理搭配，以帮助你在享受美食的同时保持身材。
每日坚果吃了会胖吗,2025-01-09 17:32,来源：互联网,随着健康饮食观念的普及，越来越多的人开始将每日坚果纳入自己的饮食计划中。坚果因其丰富的营养成分而备受推崇，但与此同时，坚果的热量也不容忽视。那么，每日坚果真的会让人发胖吗？接下来，我们将从多个角度分析这一问题。
酒酿红糖鸡蛋吃了会胖吗,2025-01-09 17:38,来源：互联网,随着人们生活水平的提高，越来越多的美食进入了我们的视野。其中，酒酿红糖鸡蛋以其独特的风味和丰富的营养价值，受到许多人的喜爱。然而，关于它是否会导致发胖的问题，常常引发争议。本文将从多个角度探讨酒酿红糖鸡蛋的营养成分、热量、食用方式以及对减肥的影响，帮
柚子吃了会胖吗,2025-01-10 16:45,来源：互联网,在减肥的过程中，许多人对于食物的选择格外谨慎，尤其是水果。柚子作为一种受欢迎的水果，因其独特的味道和丰富的营养成分而备受青睐。那么，吃柚子真的会导致发胖吗？本文将从多个角度分析柚子的营养价值、热量以及在减肥中的作用。
坚果吃了会胖吗,2025-01-10 16:59,来源：互联网,在减肥和健康饮食的讨论中，坚果常常被视为“好”与“不好”之间的争议食物。它们富含营养，但由于热量较高，很多人担心吃坚果会导致体重增加。那么，坚果究竟会让你发胖吗？本文将从多个角度分析这个问题，并提供一些科学依据和建议。
一天一包每日坚果会胖吗,2025-01-09 17:24,来源：互联网,随着健康饮食观念的普及，坚果作为一种营养丰富的小食，逐渐成为了许多人日常饮食中的一部分。然而，关于“一天一包每日坚果会胖吗”的问题，仍然是许多人关注的焦点。本文将从多个角度分析这一问题，并提供一些科学的饮食建议。
不吃米饭只吃菜能瘦吗,2025-01-09 17:26,来源：互联网,在现代社会，越来越多的人开始关注自己的体重和身材，减肥成为了热门话题。许多人尝试各种饮食方案，有人甚至选择不吃米饭，只吃蔬菜，期望通过这种方式来达到减肥的目的。那么，不吃米饭只吃菜真的能瘦吗？本文将从多个角度探讨这一问题。
哪些坚果适合减肥人吃,2025-01-09 17:21,来源：互联网,在减肥过程中，饮食的选择至关重要。坚果作为健康的零食选择，富含营养素和健康脂肪，但并不是所有坚果都适合减肥期间食用。本文将介绍几种适合减肥人士的坚果，帮助你在控制热量的同时，保持营养均衡。
嗑瓜子是增肥还是减肥,2025-01-09 17:13,来源：互联网,嗑瓜子作为一种受欢迎的零食，尤其在中国文化中更是家常便饭。许多人在观看电视、聚会时喜欢嗑瓜子，但对于它是否会导致增肥还是减肥，很多人心存疑虑。本文将从营养成分、食用方式、适量原则等多个方面探讨嗑瓜子的影响，帮助大家更好地理解这一问题。
吃无花果干发胖吗,2025-01-09 17:12,来源：互联网,无花果干，作为一种营养丰富的干果，近年来受到越来越多人的喜爱。它不仅味道鲜美，而且富含多种营养成分。然而，许多人在享受无花果干的美味时，常常担心它会导致体重增加。那么，吃无花果干真的会让人发胖吗？本文将从多个角度进行分析。
吃无花果干容易胖吗,2025-01-09 17:11,来源：互联网,无花果干作为一种美味且富含营养的零食，近年来受到越来越多人的青睐。然而，许多人在享用这种美味时，常常会担心它是否会导致体重增加。本文将从无花果干的营养成分、食用方式及其对减肥的影响等多个方面进行探讨，帮助大家更好地理解这一食品。
橙子吃了会胖吗还是会瘦,2025-01-09 17:07,来源：互联网,在减肥的道路上，许多人对水果的摄入持有疑虑，尤其是橙子这样看似美味可口的水果。橙子吃了会胖吗？还是会帮助减肥？本文将从营养成分、饱腹感、热量控制等多个方面探讨橙子对体重的影响。
板栗吃了会胖吗,2025-01-09 17:06,来源：互联网,随着人们对健康饮食的关注，板栗作为一种受欢迎的坚果类食物，常常被拿来讨论其营养价值和对体重的影响。很多人担心，板栗虽然美味，但会不会因为热量高而导致发胖呢？本文将从多个角度探讨板栗的营养成分、热量、食用方法以及其对减肥的影响。
花生吃了会发胖吗,2025-01-08 17:31,来源：互联网,花生是一种广受欢迎的坚果，因其独特的味道和丰富的营养成分而被广泛食用。然而，关于花生是否会导致发胖的问题，常常引发争论。本文将从多个角度探讨花生的营养价值、热量、饱腹感以及适量摄入的重要性，帮助大家更好地理解花生在减肥过程中的角色。
黄冰糖吃了会发胖吗,2025-01-08 17:28,来源：互联网,在当今社会，越来越多的人关注自己的体重和身材，尤其是在饮食方面的选择。黄冰糖作为一种常见的甜味剂，常被认为比白糖更健康。然而，许多人仍然对黄冰糖的摄入是否会导致发胖产生疑问。本文将从多个方面探讨黄冰糖的营养成分、摄入量的影响、替代品的选择以及健康饮食
阿胶糕吃了会发胖吗,2025-01-08 17:30,来源：互联网,阿胶糕作为一种传统的滋补食品，近年来因其丰富的营养成分而受到广泛关注。然而，很多人对其热量和影响体重的担忧不绝于耳。那么，阿胶糕真的会导致发胖吗？本文将从多个角度分析这一问题，并提供健康饮食的建议。
巧克力吃了会发胖吗,2025-01-08 17:26,来源：互联网,巧克力是许多人心中的“甜蜜诱惑”，无论是黑巧克力、牛奶巧克力还是白巧克力，都是不少人生活中不可或缺的零食。然而，关于巧克力是否会导致发胖的问题，常常引发热议。本文将从多个角度探讨巧克力的营养成分、适量摄入的好处、以及如何在减肥过程中合理享用巧克力。
纯可可脂吃了会发胖吗,2025-01-08 17:22,来源：互联网,在现代饮食中，许多人都对体重管理和健康饮食格外关注。随着健康意识的提高，纯可可脂作为一种天然的植物脂肪逐渐进入人们的视野。那么，纯可可脂吃了会发胖吗？本文将从多个角度探讨这个问题，并引申出相关内容，帮助读者更好地理解纯可可脂的营养价值及其在减肥过程中
牛油果吃了会发胖吗,2025-01-08 17:18,来源：互联网,牛油果，这种富含营养的水果，近年来在健康饮食中备受推崇。然而，许多人在享用牛油果时，心中难免会有一个疑问：吃牛油果会导致发胖吗？本文将从多个角度探讨这个问题，并帮助你更好地理解牛油果在减肥饮食中的角色。
藕粉吃了会发胖吗,2025-01-08 17:15,来源：互联网,在现代饮食中，健康与减肥成为了许多人关注的焦点。藕粉作为一种传统的食材，因其独特的口感和丰富的营养成分而受到青睐。然而，很多人在减肥过程中对藕粉的摄入持有疑虑：吃藕粉会发胖吗？本文将从多个角度探讨藕粉的营养价值、热量及其在减肥中的作用，帮助大家更好地
碱水面包属于低脂吗,2025-01-08 17:06,来源：互联网,在现代饮食中，健康与营养成为人们关注的焦点。尤其是在减肥和保持身材的过程中，选择低脂食品显得尤为重要。碱水面包，作为一种传统的面食，因其独特的口感和风味而受到许多人的喜爱。然而，关于其是否属于低脂食品的问题，值得深入探讨。本文将从几个方面分析碱水面包
冬天适合跑步减肥吗,2025-01-08 17:00,来源：互联网,随着冬季的来临，许多人可能会选择蜷缩在温暖的房间里，而不是在寒风中跑步。然而，冬天其实是一个非常适合跑步减肥的季节。本文将从多个角度探讨冬季跑步的优势、注意事项以及如何制定有效的冬季跑步计划。
冬天减肥效果好吗,2025-01-08 16:51,来源：互联网,随着冬季的来临，许多人开始担心在这个寒冷的季节中，如何保持身材并实现减肥目标。冬天似乎是一个容易让人放松警惕的季节，温暖的食物和节日的聚会让我们不自觉地增加了热量摄入。然而，冬季减肥是否真的困难？本文将从多个方面分析冬季减肥的效果，并提供一些实用的建
红薯吃了会发胖吗,2025-01-07 17:37,来源：互联网,红薯，作为一种常见的根茎类食物，因其丰富的营养价值和独特的口感而受到许多人的喜爱。然而，关于红薯是否会导致发胖的问题却常常引发争议。本文将从多个方面探讨红薯的营养成分、热量、饱腹感、食用方式及其对减肥的影响，帮助大家更好地理解红薯在饮食中的角色。
面食吃了会发胖吗,2025-01-07 17:36,来源：互联网,在现代饮食中，面食作为一种受欢迎的主食，常常被人们所喜爱。然而，关于面食是否会导致发胖，众说纷纭。本文将从多个角度分析面食的营养成分、食用方式、搭配以及控制摄入量等因素，以帮助大家更全面地理解面食与体重之间的关系。
猪皮吃了会发胖吗,2025-01-07 17:34,来源：互联网,猪皮作为一种传统的美食，在很多地方被视为美味佳肴。无论是炸猪皮、红烧猪皮，还是猪皮冻，它们都因其独特的口感和丰富的营养价值而受到欢迎。然而，关于猪皮是否会导致发胖的问题，值得我们深入探讨。本文将从营养成分、食用方式、适量与否等多个角度分析猪皮对体重的
晚上吃低脂面包会胖吗,2025-01-07 17:31,来源：互联网,在减肥和健康饮食的过程中，许多人对晚餐的选择感到困惑，尤其是低脂面包的摄入。晚上吃低脂面包是否会导致体重增加？本文将从多个角度分析这个问题，并提供一些实用建议。
低脂面包有哪些,2025-01-07 17:29,来源：互联网,在追求健康生活方式的今天，低脂饮食成为了越来越多人的选择。尤其是在减肥过程中，低脂面包因其低热量、高纤维的特点，受到广泛欢迎。本文将带您了解几种常见的低脂面包类型及其健康益处。
牛乳面包热量高吗,2025-01-07 17:33,来源：互联网,牛乳面包是一种受到广泛喜爱的美食，因其松软的口感和浓郁的奶香味而备受欢迎。然而，许多人在享用牛乳面包时，常常会关注其热量问题。那么，牛乳面包的热量到底高吗？它对我们的健康又有何影响呢？本文将从多个角度探讨牛乳面包的热量、营养成分及其对减肥和健康的影响
全麦吐司是低脂的吗,2025-01-07 17:27,来源：互联网,全麦吐司作为一种健康的主食，近年来在减肥和健康饮食中备受推崇。然而，很多人对于全麦吐司的脂肪含量及其在减肥过程中的作用仍存在疑问。本文将从多个角度探讨全麦吐司的营养成分，帮助大家了解它是否适合低脂饮食。
燃脂的7个征兆,2025-01-07 17:23,来源：互联网,在减肥的过程中，许多人常常会感到挫败，尤其是当体重秤上的数字似乎没有变化时。然而，燃脂并不仅仅体现在体重上，还有许多其他的征兆可以帮助你判断自己的减脂效果。以下是燃脂的7个征兆，帮助你更好地理解自己的身体变化。
一天吃几个橙子不会胖,2025-01-08 16:42,来源：互联网,在追求健康与减肥的道路上，水果作为一种天然的食物选择，常常被视为减肥饮食中的重要组成部分。橙子，作为一种富含维生素C和纤维素的水果，受到很多人的喜爱。然而，关于一天吃几个橙子不会发胖的问题，许多人仍然存在疑虑。本文将从橙子的营养成分、适量摄入的标准、
冬天怎么减肥最有效的方法,2025-01-08 16:52,来源：互联网,冬天是一个让人容易发胖的季节，寒冷的天气常常让我们选择高热量的食物来取暖，同时活动量也相对减少。然而，冬季减肥并非不可能，掌握一些有效的方法可以帮助我们在这个季节里保持身材，甚至实现减肥目标。以下是几个冬季减肥的有效方法。
一个奶油面包的热量是多少,2025-01-08 17:03,来源：互联网,奶油面包作为一种受欢迎的美食，因其松软的口感和香甜的味道受到许多人的喜爱。然而，在享受美味的同时，我们也需要关注其热量及其对健康和减肥的影响。本文将详细分析奶油面包的热量，并探讨其成分、替代品以及如何在减肥过程中合理享用。
减肥期间建议吃的坚果,2025-01-08 16:46,来源：互联网,在减肥的过程中，饮食的选择至关重要。许多人在减肥时认为坚果是高热量的食物，因而选择避开。然而，适量食用坚果不仅不会影响减肥，反而能够为身体提供重要的营养成分，帮助维持饱腹感，促进新陈代谢。下面，我们将探讨几种适合减肥期间食用的坚果，并分析它们的营养价
燃脂心率一般在多少,2025-01-07 17:22,来源：互联网,在追求健康和理想体型的过程中，许多人会关注燃脂心率这个概念。燃脂心率是指在运动过程中，身体最有效地燃烧脂肪的心率区间。了解这一点对于制定有效的锻炼计划至关重要。本文将为您详细解析燃脂心率的定义、计算方法及其在减脂过程中的重要性。
什么状态说明开始燃脂了,2025-01-07 17:20,来源：互联网,在减肥的过程中，许多人都希望能够尽快看到成果。然而，判断自己是否进入了燃脂状态并不总是那么简单。本文将为您介绍一些关键的信号，帮助您识别何时开始燃脂，以及如何优化您的减肥策略。
空腹运动是不是更燃脂,2025-01-07 17:11,来源：互联网,在减肥和健身的过程中，空腹运动一直是一个备受争议的话题。许多人认为在空腹状态下运动可以更有效地燃烧脂肪，但这一观点是否成立呢？本文将从多个角度探讨空腹运动的利与弊，帮助你更好地理解这一运动方式。
腹部燃脂最有效的动作,2025-01-07 17:10,来源：互联网,想要拥有平坦的腹部和迷人的曲线，很多人都在寻找有效的燃脂动作。腹部脂肪不仅影响外观，还可能对健康造成负面影响。本文将介绍几种最有效的腹部燃脂动作，帮助你实现瘦身目标。
什么时间减肥燃脂效果最好,2025-01-07 17:08,来源：互联网,减肥是许多人追求健康生活的重要目标，但在减肥的过程中，很多人忽略了一个关键因素：时间。科学研究表明，选择合适的时间进行锻炼和饮食调整，可以显著提高燃脂效果。本文将探讨减肥的最佳时机，并提供一些实用建议，帮助你更有效地实现减重目标。
熟花生吃了会发胖吗,2025-01-07 17:02,来源：互联网,在现代饮食中，花生作为一种常见的零食，受到了许多人的喜爱。熟花生不仅口感香脆，而且营养丰富，但许多人在享用时却心存疑虑：熟花生会让人发胖吗？本文将从多个角度分析熟花生的营养成分、热量、饱腹感以及适量食用的建议，帮助大家更好地理解花生在减肥过程中的作用
什么时间运动燃脂效果最好,2025-01-06 17:07,来源：互联网,在减肥的过程中，运动无疑是一个重要的环节。然而，很多人常常忽视一个关键因素：运动的时间。不同的时间段运动，燃脂效果可能会有显著差异。本文将探讨什么时间运动燃脂效果最佳，并为您提供一些实用的建议。
燃脂机器能瘦身吗,2025-01-06 17:08,来源：互联网,随着科技的发展，市场上出现了各种各样的燃脂机器，声称可以帮助人们快速减脂、塑形。在这个追求瘦身的时代，许多人都对这些机器产生了浓厚的兴趣。然而，燃脂机器真的能帮助我们实现瘦身目标吗？本文将从多个角度探讨这个问题，并为大家提供一些科学的减脂建议。
爬楼多长时间燃脂效果最好,2025-01-06 17:13,来源：互联网,爬楼梯是一项简单而有效的有氧运动，近年来越来越受到减肥人士的青睐。然而，很多人对于爬楼梯的最佳运动时长并不清楚，今天我们就来探讨一下爬楼梯多长时间能达到最佳燃脂效果，并引申出相关的运动和饮食建议。
世界公认的四个燃脂动作,2025-01-06 17:17,来源：互联网,在当今社会，减肥和塑形已经成为许多人追求健康生活的目标。为了达到理想的体重和身材，选择合适的锻炼方式至关重要。本文将介绍四个世界公认的燃脂动作，这些动作不仅能有效消耗卡路里，还能增强肌肉力量，提高身体的代谢率。
燃脂针瘦身有危险吗,2025-01-06 17:05,来源：互联网,随着人们对身材的关注日益增加，燃脂针作为一种新兴的减肥方式逐渐走入大众视野。虽然燃脂针被宣传为快速、有效的减肥手段，但其安全性和潜在风险却常常被忽视。本文将从多个角度分析燃脂针的效果与风险，帮助读者更好地了解这一减肥方式。
跑步跑出盐是燃脂了吗,2025-01-06 16:54,来源：互联网,在健身和减肥的过程中，许多人常常会听到“跑步出汗就是在燃脂”的说法。实际上，这一观点存在一定的误解。本文将从多个角度探讨跑步出汗的原因、燃脂的机制，以及如何科学地看待跑步与减肥之间的关系。
出汗就是在燃脂吗,2025-01-06 16:45,来源：互联网,在健身和减肥的过程中，很多人常常会将“出汗”与“燃脂”混为一谈。实际上，出汗并不等于燃脂。本文将从多个角度探讨出汗与燃脂之间的关系，帮助大家更科学地看待减肥过程。
空腹跑步更燃脂吗,2025-01-06 16:52,来源：互联网,在健身界，空腹跑步一直是一个备受争议的话题。许多人认为，空腹状态下进行有氧运动能够更有效地燃烧脂肪，但这一说法是否真的成立呢？本文将从多个角度分析空腹跑步的效果，帮助你更好地理解这一训练方式的利弊。
帕梅拉和跳绳谁更燃脂,2025-01-06 16:41,来源：互联网,在减肥的过程中，选择合适的运动方式至关重要。近年来，跳绳和帕梅拉（Pamela Reif）的视频健身课程成为了许多健身爱好者的热门选择。那么，跳绳和帕梅拉的健身课程，哪个更能帮助我们燃烧脂肪呢？本文将从多个角度进行比较，帮助你做出更明智的选择。
燃脂机对身体有什么坏处吗,2025-01-06 16:42,来源：互联网,随着健身热潮的兴起，越来越多的人开始使用燃脂机来辅助减肥和塑形。然而，尽管燃脂机在短期内可能带来一定的效果，但其潜在的坏处也不容忽视。本文将探讨燃脂机对身体可能造成的几种负面影响，帮助大家在使用前做出更明智的选择。
燃脂咖啡减肥效果好吗,2025-01-06 16:37,来源：互联网,随着健康意识的提高，越来越多的人开始关注饮食与体重管理。燃脂咖啡作为一种新兴的减肥饮品，受到不少人的青睐。那么，燃脂咖啡的减肥效果究竟如何？本文将从多个角度进行分析。
健身加速燃脂喝什么,2025-01-06 16:39,来源：互联网,在减肥和健身的过程中，饮食和锻炼相辅相成。除了合理的饮食和规律的锻炼，选择适合的饮品同样可以帮助加速燃脂，提升健身效果。本文将为您介绍几种有助于燃脂的饮品，以及它们的功效和饮用建议。
空腹燃脂和饭后哪个好,2025-01-03 17:03,来源：互联网,在减肥和健身的过程中，锻炼的时机常常成为人们关注的焦点。尤其是“空腹燃脂”和“饭后锻炼”这两种方式，常常引发热议。那么，究竟哪种方式更适合你呢？本文将从多个角度探讨这两种锻炼方式的利与弊，帮助你找到最适合自己的锻炼时机。
生酮燃脂的症状表现,2025-01-06 16:35,来源：互联网,随着健康意识的提升，越来越多的人开始关注减肥方法，而生酮饮食（Ketogenic Diet）因其显著的减脂效果而受到广泛关注。生酮饮食通过极低的碳水化合物摄入和高脂肪摄入，使身体进入一种称为“酮症”的状态，从而提高脂肪的燃烧效率。本文将探讨生酮燃脂的症状表现及其相
燃脂搏击是什么运动,2025-01-03 17:00,来源：互联网,在现代社会中，随着人们对健康和身材的重视，越来越多的运动项目应运而生。其中，燃脂搏击作为一种新兴的健身方式，因其高效的燃脂效果和全身锻炼的特点而受到广泛欢迎。本文将详细介绍燃脂搏击的定义、特点、适合人群、训练效果及注意事项。
跳绳是最燃脂的运动吗,2025-01-03 17:00,来源：互联网,在众多的健身运动中，跳绳常常被认为是一项高效且简单的燃脂运动。它不仅可以在家中进行，还能在短时间内消耗大量热量。本文将探讨跳绳是否真的是最燃脂的运动，并从多个角度分析其优缺点。
慢跑心率多少燃脂效果最好,2025-01-03 16:57,来源：互联网,在减肥和健身的过程中，慢跑是许多人选择的有氧运动之一。通过慢跑，不仅能够增强心肺功能，还能有效消耗体内的脂肪。然而，很多人常常忽视了一个重要因素——心率。本文将探讨慢跑时的最佳心率区间，以达到最佳的燃脂效果，并引申出相关的运动与饮食知识。
燃脂等于减脂吗,2025-01-03 16:49,来源：互联网,在减肥的过程中，很多人常常会将“燃脂”和“减脂”这两个概念混淆。实际上，虽然它们有密切的关系，但并不是完全相同的概念。本文将深入探讨燃脂与减脂的区别，以及它们在减肥过程中所扮演的角色。
燃脂的时候身体有什么反应,2025-01-03 16:48,来源：互联网,在减肥的过程中，燃脂是一个至关重要的环节。很多人为了追求理想的身材，开始了各种各样的减脂计划。然而，燃脂并不仅仅是简单的卡路里消耗，它涉及到身体的多个系统和生理反应。本文将详细探讨在燃脂过程中，身体会有哪些反应，以及这些反应对减脂的影响。
燃脂豆减肥是什么原理,2025-01-03 16:47,来源：互联网,在当今社会，减肥已经成为许多人关注的热点话题。随着健康意识的提高，越来越多的人开始寻找有效的减肥方法。燃脂豆作为一种新兴的减肥辅助产品，受到了广泛的关注。那么，燃脂豆减肥的原理究竟是什么呢？本文将从多个角度解析燃脂豆的减肥机制，并引申出相关的健康知识
燃脂的时候是什么感觉,2025-01-03 16:53,来源：互联网,在减肥的过程中，燃脂是每个人都希望实现的目标。然而，燃脂不仅仅是一个物理过程，它还伴随着一系列身体和心理上的感受。了解这些感受，可以帮助你更好地应对减肥之路的挑战。本文将从五个方面探讨燃脂时的感觉，以及如何将这些体验转化为积极的动力。
燃脂多少大卡才能减一斤,2025-01-03 16:42,来源：互联网,在减肥的道路上，许多人都在追求快速的效果，但往往忽视了科学的原理。想要减掉一斤体重，实际上需要消耗多少大卡呢？本文将为你解答这个问题，并引申出与减肥相关的重要知识。
吃一个月鸡蛋能瘦多少,2024-12-20 17:21,来源：互联网,在减肥的过程中，饮食是一个至关重要的因素。近年来，鸡蛋作为一种营养丰富且低热量的食物，逐渐受到减肥人士的青睐。那么，吃一个月鸡蛋能瘦多少？本文将从多个方面探讨鸡蛋的减肥效果及其背后的科学原理。
喝中药去湿气会瘦吗,2024-12-20 17:20,来源：互联网,在现代生活中，许多人都在寻求有效的减肥方法。而中药作为传统医学的瑰宝，因其独特的调理作用而受到越来越多人的关注。尤其是“湿气”这个词，常常被提及。那么，喝中药去湿气真的能帮助减肥吗？本文将从多个角度进行分析。
黑咖啡怎么喝才能减肥,2024-12-20 17:18,来源：互联网,随着健康意识的提升，越来越多的人开始关注饮食与体重之间的关系。黑咖啡作为一种低热量饮品，因其独特的成分和生理作用，逐渐成为减肥者的“秘密武器”。在本文中，我们将探讨黑咖啡的减肥效果，并提供一些科学饮用的建议。
减肥吃麻酱可以吗,2024-12-20 17:11,来源：互联网,在减肥的过程中，饮食选择是至关重要的。很多人认为减肥意味着要放弃美味的食物，然而，麻酱作为一种独特的调味品，是否可以融入减肥餐单呢？本文将从麻酱的营养成分、减肥的科学原理、搭配建议以及适量摄入等方面进行探讨。
吃果冻可以减肥吗,2024-12-20 16:48,来源：互联网,在现代快节奏的生活中，许多人为了减肥而寻求各种方法和食物。果冻，作为一种受欢迎的甜点，常常被人们拿来讨论其对减肥的影响。那么，吃果冻真的可以减肥吗？本文将从果冻的成分、热量、饱腹感以及饮食搭配等多个方面进行分析，帮助大家了解果冻在减肥中的角色。
减肥吃金针菇可以吗,2024-12-20 17:14,来源：互联网,在现代社会，减肥已成为许多人追求健康和美丽的重要目标。饮食在减肥过程中扮演着至关重要的角色，而金针菇作为一种低热量、高营养的食材，近年来受到了越来越多的关注。本文将探讨金针菇在减肥中的作用、营养成分以及食用方法，帮助大家更好地利用这一食材。
减肥吃红糖会胖吗,2024-12-20 16:45,来源：互联网,随着健康意识的提高，越来越多人开始关注自己的饮食习惯，尤其是在减肥方面。红糖作为一种天然的甜味剂，近年来受到许多减肥人士的青睐。然而，红糖究竟会让人发胖吗？本文将从多个角度探讨红糖在减肥中的作用。
减肥期间鸡胸肉应该怎样吃比较好,2024-12-20 16:43,来源：互联网,在减肥期间，饮食的选择至关重要。鸡胸肉因其高蛋白、低脂肪的特性，成为了许多减肥者的首选食材。然而，如何正确地食用鸡胸肉，才能更好地达到减肥效果呢？本文将从多个方面为您解析。
减肥期间可以用柠檬泡水喝吗,2024-12-20 16:37,来源：互联网,在减肥期间，饮食管理是成功的关键之一。许多人在寻找健康饮品时，柠檬水逐渐成为了热门选择。那么，减肥期间可以用柠檬泡水喝吗？本文将从柠檬水的营养价值、减肥效果、饮用方法以及注意事项等几个方面进行探讨。
减肥期间可以吃冷饮吗,2024-12-20 16:42,来源：互联网,在炎炎夏日，冷饮无疑是许多人消暑的首选。然而，减肥期间我们是否可以享用冷饮呢？本文将从多个角度探讨减肥期间冷饮的选择、注意事项以及健康替代品，帮助你在减脂过程中也能享受清凉的美味。
减肥期间可以吃什么炒菜好,2024-12-20 16:28,来源：互联网,在减肥期间，很多人会担心饮食的单调和口味的乏味，实际上，合理的搭配和烹饪方式可以让我们在保持健康的同时，享受到美味的炒菜。本文将为您推荐几种适合减肥期间的炒菜，帮助您在减脂的道路上既能满足味蕾，又能控制热量摄入。
吃淮山可以减肥吗,2024-12-19 17:45,来源：互联网,淮山，又称山药，是一种在中国广泛食用的根茎类蔬菜。因其营养丰富，口感独特，淮山在饮食中占有重要地位。近年来，随着健康饮食理念的普及，越来越多的人开始关注淮山在减肥方面的潜力。本文将从多个角度探讨淮山是否可以帮助减肥，以及其相关的健康益处。
减肥吃麻辣烫可以吃什么菜,2024-12-19 17:46,来源：互联网,在减肥的过程中，饮食控制是关键。许多人在减肥期间会担心无法享受美食，而麻辣烫作为一种受欢迎的小吃，其丰富的食材选择为减肥者提供了良好的选择。本文将为您介绍在减肥期间，如何选择麻辣烫中的健康食材，以及相关的饮食建议。
减肥吃哪种玉米比较好,2024-12-19 17:44,来源：互联网,在减肥的过程中，饮食的选择至关重要。玉米作为一种常见的谷物，因其丰富的营养价值和多样的烹饪方式而受到许多人的喜爱。然而，面对市场上各种类型的玉米，减肥者应该选择哪种玉米更有助于控制体重呢？本文将从玉米的种类、营养成分以及适合减肥者的食用方式等方面进行
海螺减肥期间可以吃吗,2024-12-20 16:54,来源：互联网,减肥期间的饮食选择一直是人们关注的话题。在众多海鲜中，海螺因其独特的口感和丰富的营养价值，常常引起人们的兴趣。那么，海螺在减肥期间究竟能否食用呢？本文将从海螺的营养成分、热量、饱腹感以及健康益处等方面进行探讨。
吃猪蹄能减肥吗,2024-12-20 17:04,来源：互联网,在减肥的过程中，饮食是一个至关重要的因素。很多人认为，减肥就意味着要放弃自己喜欢的食物，甚至包括一些传统的美食，如猪蹄。猪蹄作为一道美味的菜肴，常常被人们所喜爱，但它是否适合减肥期间食用呢？本文将从多个角度分析猪蹄对减肥的影响，并探讨如何合理地将其纳
吃蒸南瓜减肥吗,2024-12-20 17:01,来源：互联网,在减肥的过程中，饮食的选择至关重要。许多人在寻找健康又美味的食物时，蒸南瓜成为了一个备受关注的选项。本文将探讨蒸南瓜在减肥中的优势，并引申出相关的营养价值和食用方法。
减肥期间只能喝牛奶喝水吗,2024-12-20 16:36,来源：互联网,在减肥的过程中，饮食选择往往成为一个备受关注的话题。许多人认为在减肥期间只能喝牛奶和水，这种观点是否正确呢？本文将从多个方面探讨减肥期间的饮食选择，帮助你更科学地管理体重。
吃燕麦棒可以减肥吗,2024-12-19 17:42,来源：互联网,随着现代人对健康饮食的关注，燕麦棒作为一种方便的零食逐渐受到青睐。许多人在减肥期间选择燕麦棒，认为它是健康的替代品。那么，吃燕麦棒真的能帮助减肥吗？本文将从燕麦棒的营养成分、饱腹感、如何选择和食用等方面进行探讨。
吃鹰嘴豆可以减肥吗,2024-12-19 17:43,来源：互联网,在追求健康和理想体重的道路上，饮食是一个至关重要的因素。近年来，鹰嘴豆因其丰富的营养成分而备受关注。那么，吃鹰嘴豆真的能帮助减肥吗？本文将从多个方面探讨鹰嘴豆的减肥潜力。
吃生蚝能减肥吗,2024-12-19 17:40,来源：互联网,在现代社会，减肥已经成为许多人追求的目标。各种饮食方法层出不穷，而海鲜类食物因其低热量、高营养的特点逐渐受到关注。生蚝作为一种受欢迎的海鲜，常常被提及其对健康的益处。那么，吃生蚝真的能帮助减肥吗？本文将从多个角度分析生蚝的营养成分、减肥效果以及食用建
吃狗肉能减肥吗,2024-12-19 17:37,来源：互联网,在减肥的过程中，饮食选择是至关重要的一环。近年来，狗肉作为一种特殊的肉类食品，引发了广泛的讨论。那么，吃狗肉真的能帮助减肥吗？本文将从多个角度分析狗肉的营养成分、热量、饮食习惯以及伦理问题，帮助读者全面了解这一话题。
吃助消化的药能减肥吗,2024-12-19 17:39,来源：互联网,在现代社会，减肥成为了许多人关注的焦点。随着生活节奏的加快和饮食习惯的变化，消化问题逐渐成为了普遍现象。于是，许多人开始关注助消化药的使用，认为它们能帮助减肥。本文将从多个角度探讨助消化药是否真的能帮助减肥，以及相关的饮食和生活方式建议。
减肥吃蓝莓会胖吗,2024-12-19 17:32,来源：互联网,在减肥的过程中，饮食选择是至关重要的一环。许多人在选择食物时会考虑其热量、营养成分以及对减肥的影响。蓝莓作为一种营养丰富的水果，常常被推荐为减肥期间的健康零食。然而，很多人仍然疑惑：吃蓝莓会胖吗？本文将从多个角度来解析这一问题，并探讨蓝莓在减肥中的作
冬季喝什么花茶减肥,2024-12-19 17:33,来源：互联网,冬季是一个让人容易发胖的季节，寒冷的天气让人更想窝在家里，享受美食。但其实，冬季也是减肥的好时机，尤其是通过饮用花茶来辅助减肥。花茶不仅香气怡人，还有助于促进新陈代谢，增强身体的排毒功能。下面，我们将介绍几种适合冬季饮用的花茶及其减肥功效。
减肥吃多少牛肉合适,2024-12-19 17:31,来源：互联网,在减肥的过程中，饮食的选择至关重要。牛肉作为一种高蛋白、低碳水化合物的食物，常常被认为是减肥饮食中的良好选择。然而，如何合理地摄入牛肉，以达到减肥效果，仍然是许多人关注的话题。本文将从牛肉的营养价值、适宜的摄入量、烹饪方式及搭配食物等方面进行探讨。
减肥期间吃炖鸡会胖吗,2024-12-19 17:26,来源：互联网,在减肥的过程中，饮食控制是非常重要的一环。很多人会对某些食物产生疑虑，尤其是肉类，比如炖鸡。炖鸡在许多家庭中是常见的菜肴，味道鲜美，营养丰富，但在减肥期间吃炖鸡是否会导致体重增加呢？本文将从多个角度分析这个问题，并给出科学的建议。
减肥秋葵可以吃吗,2024-12-19 17:30,来源：互联网,随着健康饮食意识的提升，越来越多的人开始关注食材的营养价值以及它们在减肥过程中的作用。秋葵，作为一种低热量、高营养的蔬菜，近年来受到越来越多减肥人士的青睐。那么，减肥期间可以吃秋葵吗？本文将从多个角度分析秋葵的营养成分、减肥效果以及食用建议，帮助大家
吃葱可以减肥吗,2024-12-19 17:24,来源：互联网,在减肥的过程中，饮食的选择至关重要。许多人在寻找健康的食材时，发现葱的身影频频出现。那么，吃葱真的可以帮助减肥吗？本文将从多个角度探讨葱的减肥效果，并引申出相关的饮食知识，帮助读者更好地理解葱在减肥中的作用。
断食减肥法会反弹吗,2024-12-18 17:48,来源：互联网,随着健康意识的提升，越来越多的人开始尝试断食减肥法。这种方法因其快速见效而受到青睐，但也引发了不少争议。许多人担心，断食减肥法是否会导致体重反弹？本文将从多个方面探讨这一问题，并提供有效的应对策略。
减肥可以吃酸豆角吗,2024-12-18 17:46,来源：互联网,在减肥的过程中，饮食的选择至关重要。许多人在减肥时往往会面临各种食物的选择困惑，其中酸豆角作为一种常见的腌制食品，是否适合减肥期间食用呢？本文将从酸豆角的营养成分、减肥效果、食用建议等方面进行探讨。
吃枸杞能减肥吗,2024-12-18 17:45,来源：互联网,在现代社会，减肥成为了许多人关注的焦点。随着健康意识的提升，各种减肥方法层出不穷。其中，枸杞作为一种传统的中药材和健康食品，逐渐进入了人们的视野。那么，吃枸杞真的能帮助减肥吗？本文将从多个角度探讨这一问题。
吃八珍粉会越吃越瘦吗,2024-12-18 17:45,来源：互联网,在现代社会，减肥已经成为了许多人追求的目标。市场上各种减肥产品层出不穷，其中八珍粉作为一种传统的保健食品，因其丰富的营养成分而受到关注。那么，吃八珍粉真的能帮助我们减肥吗？本文将从多个角度探讨这一问题。
喝冰水能减肥吗,2024-12-18 17:42,来源：互联网,在减肥的过程中，很多人都在寻找各种方法来加速脂肪的燃烧，其中一个常见的说法就是喝冰水能够帮助减肥。究竟喝冰水对减肥是否真的有效？今天，我们就来详细探讨这个话题，并引申出相关的健康饮水习惯。
吃蚕蛹减肥吗,2024-12-18 17:43,来源：互联网,在当今社会，减肥已成为许多人关注的焦点。随着健康意识的提高，越来越多的人开始探索各种饮食方式。在众多减肥食材中，蚕蛹作为一种富含营养的食物，逐渐引起了人们的关注。那么，吃蚕蛹真的能帮助减肥吗？本文将从营养成分、饱腹感、代谢促进、以及搭配饮食等方面进行
减肥吃蓝莓有什么好处,2024-12-18 17:39,来源：互联网,在当今社会，减肥已经成为许多人追求健康生活方式的重要目标。除了合理的运动和饮食控制，选择合适的食物同样至关重要。蓝莓作为一种美味的水果，不仅口感佳，更因其丰富的营养成分而备受推崇。本文将探讨蓝莓在减肥过程中所带来的多重好处。
喝油茶能减肥吗,2024-12-18 17:41,来源：互联网,随着健康意识的提升，越来越多的人开始关注饮食对减肥的影响。在众多饮品中，油茶因其独特的风味和营养成分受到青睐。那么，喝油茶真的能帮助减肥吗？本文将从几个方面分析油茶的成分、功效以及其在减肥中的作用。
喝肠清茶可以减肥吗,2024-12-18 17:42,来源：互联网,近年来，肠清茶作为一种新兴的减肥饮品，受到越来越多人的关注。许多人认为饮用肠清茶可以帮助排毒、减肥，甚至改善肠道健康。然而，这种饮品真的能够达到这些效果吗？本文将从多个角度探讨肠清茶的减肥效果及其相关内容。
核桃粉热量高吗 适合减肥吃吗,2024-12-18 17:38,来源：互联网,在减肥过程中，选择合适的食物至关重要。核桃粉作为一种营养丰富的食品，备受关注。然而，很多人对核桃粉的热量及其适合减肥的程度仍存在疑问。本文将从核桃粉的热量、营养成分、减肥效果及食用方法等方面进行详细分析。
减肥吃草莓有什么好处,2024-12-18 17:34,来源：互联网,在减肥的过程中，饮食的选择至关重要。许多人在选择零食时往往会感到困惑，究竟什么食物既能满足口腹之欲，又不至于增加体重？草莓，作为一种低卡路里、高营养价值的水果，正好满足了这些需求。本文将从多个角度探讨草莓在减肥过程中的好处。
减肥期间可以吃柚子吗,2024-12-18 17:31,来源：互联网,在减肥的过程中，饮食的选择至关重要。许多人在减肥时会对水果的摄入产生疑问，尤其是柚子这种酸甜可口的水果。那么，减肥期间可以吃柚子吗？本文将从多个角度分析柚子在减肥饮食中的作用，并引申出相关的营养知识与饮食策略。
减肥期间一直不掉秤怎么办,2024-12-17 17:12,来源：互联网,在减肥的过程中，很多人都会遇到一个常见的问题：体重在某个阶段停滞不前。这种现象不仅让人感到沮丧，还可能影响减肥的信心。本文将从多个角度分析体重停滞的原因，并提供有效的解决方案，帮助你突破瓶颈，继续朝着理想体重迈进。
减肥吃一个苹果会胖吗,2024-12-18 17:32,来源：互联网,在减肥的过程中，很多人对食物的选择非常谨慎，甚至对一些看似健康的食物也充满了疑虑。苹果作为一种常见的水果，营养丰富，很多人都在问：吃一个苹果会胖吗？本文将从多个方面探讨这个问题，并引申出一些与减肥相关的内容。
穿减肥裤运动能减肥吗,2024-12-17 16:52,来源：互联网,随着健身热潮的兴起，市场上涌现出各种各样的减肥产品，其中减肥裤备受关注。许多人认为穿上这种裤子就能轻松减肥，然而事实真的是这样吗？本文将从多个角度探讨穿减肥裤运动是否真的能帮助减肥，并提供一些实用建议。
肚子肉多什么运动减肚子,2024-12-17 16:55,来源：互联网,肚子上的赘肉不仅影响外观，还可能对健康造成威胁。为了有效减掉腹部脂肪，除了控制饮食，适当的运动也是不可或缺的一部分。下面，我们将探讨几种有效的运动方式，以及一些生活习惯的调整，帮助你实现减肚子的目标。
减脖子和下巴肉的动作有哪些,2024-12-17 16:49,来源：互联网,在追求完美身材的过程中，很多人常常忽视了脖子和下巴的线条。随着年龄的增长或者体重的增加，这些部位容易出现赘肉，影响整体形象。本文将介绍一些有效的锻炼动作和方法，帮助你减掉脖子和下巴的赘肉。
产后减肥减不下去怎么办,2024-12-17 16:45,来源：互联网,产后减肥是许多新妈妈面临的挑战。经历了怀孕和分娩，身体的变化让很多女性在产后很难恢复到理想的体重。面对这种情况，不要气馁，以下是一些有效的策略，帮助你克服产后减肥的困扰。
白芸豆煮着吃能减肥吗,2024-12-18 17:37,来源：互联网,近年来，随着人们对健康饮食的重视，越来越多的食材被推向了减肥的舞台。其中，白芸豆凭借其丰富的营养成分和低热量的特性，成为了许多减肥者的首选食材。那么，白芸豆煮着吃真的能减肥吗？本文将从多个方面探讨这一问题，并引申出相关的健康饮食理念。
红豆薏米粉迅速减肥法,2024-12-17 16:28,来源：互联网,在现代社会，减肥已成为许多人关注的话题。随着生活方式的改变和饮食习惯的影响，肥胖问题日益突出。近年来，红豆薏米粉因其独特的营养价值和减肥效果而受到广泛欢迎。本文将从红豆薏米粉的营养成分、减肥原理、制作方法及注意事项等方面进行详细阐述，帮助你更好地了解
喝什么能够丰胸减肥,2024-12-17 16:32,来源：互联网,在现代社会，许多女性希望能够在减肥的同时，保持或提升自己的胸部曲线。虽然丰胸和减肥看似是两个相对矛盾的目标，但通过合理的饮品选择，我们可以在一定程度上实现这两个目标的平衡。本文将从多个方面探讨哪些饮品有助于丰胸与减肥，并提供一些相关的饮食建议。
常吃糙米饭可以减肥吗,2024-12-17 16:41,来源：互联网,随着健康饮食理念的普及，越来越多的人开始关注主食的选择。糙米作为一种被广泛推崇的健康食品，因其富含营养和纤维而受到青睐。那么，常吃糙米饭真的能帮助减肥吗？本文将从多个方面探讨糙米的减肥潜力。
肥胖纹会随着减肥消失吗,2024-12-17 16:34,来源：互联网,在现代社会中，肥胖纹（又称妊娠纹或皮肤纹路）成为了许多人在减肥过程中面临的一个常见问题。许多人在减肥后，发现这些纹路并没有消失，甚至在某些情况下还可能变得更加明显。本文将探讨肥胖纹的成因、减肥对其影响的真实情况，以及一些有效的应对策略。
晨跑减肥还是晚上好,2024-12-17 16:01,来源：互联网,在减肥的过程中，选择合适的锻炼时间至关重要。晨跑和晚跑各有其独特的优势和劣势，了解这些差异可以帮助你做出更明智的选择。本文将从几个方面探讨晨跑与晚跑在减肥中的效果，为你的减肥之路提供参考。
肚子拔火罐减肥有用吗,2024-11-27 17:43,来源：互联网,近年来，随着健康意识的提高，越来越多的人开始关注减肥的方法和手段。在众多减肥方法中，拔火罐作为一种传统的中医疗法，因其简单易行、无创伤等特点而受到欢迎。尤其是针对腹部的拔火罐，很多人认为它可以帮助减肥。那么，肚子拔火罐真的有减肥的效果吗？本文将从多个
大肚子可以手术减肥吗,2024-11-27 17:38,来源：互联网,随着生活方式的改变和饮食习惯的影响，越来越多的人面临着肥胖的问题，尤其是腹部肥胖。大肚子不仅影响外观，还可能引发一系列健康问题。对于一些难以通过饮食和运动减肥的人来说，手术减肥成为了一种选择。那么，大肚子可以通过手术减肥吗？本文将从多个角度进行探讨。
肚子减肥震动器真的有用吗,2024-11-27 17:37,来源：互联网,随着健身行业的不断发展，各种减肥工具层出不穷，其中肚子减肥震动器因其便捷性和易用性而受到不少人的关注。然而，很多人对其效果仍存疑虑。那么，肚子减肥震动器真的有用吗？本文将从多个角度来探讨这个问题。
藏红花加什么可以减肥,2024-11-27 17:28,来源：互联网,藏红花，作为一种珍贵的香料和药材，近年来在减肥领域引起了越来越多的关注。它不仅具有独特的风味，还被认为有助于促进新陈代谢、抑制食欲和提升情绪。为了帮助大家更好地利用藏红花进行减肥，本文将探讨藏红花与其他食材的结合，形成有效的减肥方案。
超慢跑可以减肥吗,2024-11-27 17:19,来源：互联网,超慢跑，顾名思义，就是以非常缓慢的速度进行跑步。这种运动方式近年来受到越来越多人的关注，尤其是在减肥和健身领域。许多人开始质疑：超慢跑真的能够帮助减肥吗？在本文中，我们将从多个角度分析超慢跑的减肥效果。
代谢慢要怎么调理减肥快,2024-11-27 17:14,来源：互联网,代谢是指身体将食物转化为能量的过程，代谢速度的快慢直接影响到我们减肥的效果。很多人在减肥过程中会发现，尽管控制了饮食和增加了运动，但体重却很难下降，这往往与代谢慢有关。本文将为您提供一些调理代谢、加速减肥的方法。
喝冷水和温水哪个减肥,2024-11-27 17:22,来源：互联网,在减肥过程中，饮水是一个常被忽视但却至关重要的环节。很多人对喝冷水和温水在减肥效果上的差异产生了疑问。本文将从多个角度探讨喝冷水和温水对减肥的影响，帮助读者更好地选择适合自己的饮水方式。
大体重应该怎么减肥,2024-11-27 17:11,来源：互联网,减肥是一个复杂且个体化的过程，尤其对于大体重的人群来说，减肥不仅仅是为了外貌，更是为了健康。下面我们将从多个方面探讨大体重者应该如何有效减肥。
大腿拔火罐可以减肥吗,2024-11-27 17:07,来源：互联网,拔火罐是一种传统的中医疗法，近年来在减肥和塑形方面引起了广泛关注。许多人尝试通过在大腿等部位拔火罐来达到减肥的效果，但这种方法真的有效吗？本文将从多个角度分析大腿拔火罐与减肥之间的关系。
40岁女人如何快速减肥,2024-11-26 17:28,来源：互联网,随着年龄的增长，女性的身体代谢率逐渐下降，特别是在40岁以后，很多女性在减肥方面面临着更多的挑战。然而，快速减肥并不是一件不可能的事情。以下是一些有效的方法，帮助40岁女性实现健康减肥。
粗盐减肥法有用吗,2024-11-26 17:24,来源：互联网,在现代社会，减肥已经成为了许多人追求的目标。随着生活水平的提高，各种减肥方法层出不穷，其中粗盐减肥法因其简单易行而受到关注。然而，这种方法真的有效吗？本文将从多个角度分析粗盐减肥法的原理、效果以及潜在的风险。
50岁女人肚子大怎么减肥,2024-11-26 17:17,来源：互联网,随着年龄的增长，女性的身体会经历许多变化，尤其是在50岁左右，荷尔蒙水平的变化可能导致体重增加，尤其是腹部脂肪的堆积。肚子大不仅影响外观，还可能增加健康风险。因此，针对50岁女性的减肥策略需要科学、合理且可持续。以下是一些有效的减肥方法。
坚持跑步一个月能减多少脂肪,2024-11-26 17:22,来源：互联网,跑步作为一种简单易行的有氧运动，深受许多人喜爱。很多人选择跑步来减肥，但坚持一个月后，实际能减掉多少脂肪呢？本文将从多个方面来探讨这个问题。
每天拍打大腿可以瘦吗,2024-11-26 17:20,来源：互联网,在现代社会，减肥已经成为了许多人生活中的一部分。随着各种减肥方法的涌现，许多人开始尝试不同的方式来实现自己的减肥目标。其中，拍打大腿这种方法逐渐受到关注。那么，拍打大腿真的可以帮助减肥吗？本文将从多个角度进行分析。
冬天减肥好还是夏天减肥好,2024-11-26 17:11,来源：互联网,减肥是许多人追求健康和美丽的重要目标，而选择在什么季节减肥则是一个值得探讨的话题。冬天和夏天各有其独特的优势和挑战，本文将从多个方面分析这两种季节减肥的利与弊，帮助你更好地选择适合自己的减肥时机。
大腿内侧什么动作可以减肥,2024-11-26 17:15,来源：互联网,大腿内侧是许多人在减肥过程中关注的部位之一。由于生活习惯和遗传因素，很多人会在这个区域积累多余的脂肪。为了帮助大家有效减肥，以下是一些针对大腿内侧的运动推荐，以及一些饮食和生活方式的建议。
喝祛湿气的中药会瘦吗,2024-11-26 17:18,来源：互联网,在现代社会，肥胖问题日益严重，很多人为了减肥而探索各种方法。近年来，喝祛湿气的中药成为了一种流行的减肥方式。那么，喝祛湿气的中药真的能帮助减肥吗？本文将从多个方面进行分析。
电疗减肥可以天天做吗,2024-11-26 17:09,来源：互联网,随着科技的发展，电疗减肥逐渐成为了一种流行的减肥方式。许多人希望通过这种方法来实现理想的体重和体型。然而，关于电疗减肥是否可以天天进行，存在许多争议和疑问。本文将从多个角度探讨这个问题。
产后减肥怎样瘦得快,2024-11-26 17:05,来源：互联网,产后减肥是许多新妈妈关注的热点话题。在经历了怀孕和分娩的巨大变化后，身体需要时间来恢复，但许多女性希望在这个过程中能够尽快恢复到理想的体重和身材。以下是一些有效的产后减肥建议，帮助新妈妈们快速、安全地减重。
减肚子最好的有氧运动是什么,2024-11-26 16:59,来源：互联网,减肚子是许多人追求健康和美丽的重要目标。腹部脂肪不仅影响外观，还可能引发多种健康问题。因此，选择合适的有氧运动来燃烧脂肪、塑造腹部线条显得尤为重要。以下是一些有效的有氧运动，帮助你减掉肚子上的赘肉。
催吐法减肥有什么危害,2024-11-26 17:01,来源：互联网,催吐法是一种极端的减肥方式，虽然在短期内可能会导致体重下降，但其潜在的身体和心理危害却不容忽视。以下是催吐法减肥可能带来的几种主要危害。
140斤怎么减肥到110斤,2024-11-26 17:04,来源：互联网,减肥是一项需要坚持和耐心的长期任务。对于体重在140斤的人来说，减到110斤不仅可以改善外观，还能提升整体健康水平。以下是一些有效的减肥策略，帮助你实现目标。
开穴减肥一定要封穴吗,2024-11-26 16:56,来源：互联网,随着现代社会对健康和美丽的追求，减肥方法层出不穷，其中开穴减肥逐渐受到关注。开穴减肥是一种通过刺激特定穴位来达到减肥效果的方法，而“封穴”则是指在开穴后对穴位进行封闭处理，以巩固减肥效果。本文将从多个角度探讨开穴减肥是否一定需要封穴。
肚子呼吸法能减肥吗,2024-11-26 16:57,来源：互联网,肚子呼吸法，又称为腹式呼吸或横膈膜呼吸，是一种通过深吸气和缓慢呼气来增强肺部功能和放松身体的呼吸方式。近年来，许多人开始关注肚子呼吸法对减肥的潜在影响。本文将从多个方面探讨肚子呼吸法是否能帮助减肥。
间歇慢跑和持续慢跑那个减脂快,2024-11-25 17:47,来源：互联网,在减脂的过程中，跑步是许多人选择的锻炼方式。跑步的形式多种多样，其中间歇慢跑和持续慢跑是两种常见的训练方法。它们各有优缺点，适合不同的人群和目标。本文将从多个角度分析这两种跑步方式，帮助你找到最适合自己的减脂方案。
长期久坐腹部长肉了怎么减?,2024-11-25 17:45,来源：互联网,随着科技的发展，越来越多的人在日常生活中面临久坐的问题。无论是办公室工作、长时间使用电脑，还是沉迷于手机，久坐的生活方式使得腹部脂肪逐渐堆积，导致腹部肥胖。腹部肥胖不仅影响外观，还可能引发多种健康问题。因此，采取有效的减肥措施显得尤为重要。以下是一些
艾炙肚子能减肥吗,2024-11-26 17:14,来源：互联网,艾炙，又称艾灸，是一种传统的中医疗法，通过点燃艾草制成的艾条或艾柱，产生的热量刺激人体的特定穴位，以达到调节身体、促进健康的目的。近年来，艾炙逐渐受到关注，许多人开始探索其在减肥方面的潜力。那么，艾炙肚子真的能减肥吗？本文将从多个角度分析这一问题。
晨跑可以减掉肚子赘肉吗,2024-11-25 17:44,来源：互联网,在当今快节奏的生活中，许多人都希望能够通过简单有效的方式来减掉肚子上的赘肉。晨跑作为一种常见的有氧运动，逐渐受到越来越多人的青睐。那么，晨跑真的能帮助我们减掉肚子上的赘肉吗？以下是一些关于晨跑与减脂的分析。
饭后怎么坐可以减肥吗,2024-11-25 17:41,来源：互联网,在减肥的过程中，饮食和运动是两个重要的方面，然而，饭后坐姿和活动方式也能在一定程度上影响我们的体重管理。以下是一些关于饭后坐姿和活动的建议，帮助你在日常生活中更好地控制体重。
肚子两侧肥肉怎么减掉,2024-11-25 17:40,来源：互联网,肚子两侧的肥肉，通常被称为“侧腹脂肪”，是许多人在减肥过程中最难以消除的部位之一。它不仅影响体型，还可能对健康造成潜在威胁。以下是一些有效的方法，帮助你减掉肚子两侧的肥肉。
吃完饭揉肚子能减肥吗,2024-11-25 17:42,来源：互联网,在现代社会中，减肥已经成为许多人关注的话题。随着生活节奏的加快，很多人寻找各种方法来保持身材。其中，有一种说法是“吃完饭揉肚子能减肥”，这个观点引起了不少人的关注。本文将从多个角度探讨这一问题，帮助大家更好地理解揉肚子的作用及其对减肥的影响。
吃完饭站30分钟可以减肥吗,2024-11-25 17:37,来源：互联网,随着生活水平的提高，越来越多的人开始关注自己的体重和身材，减肥成为了许多人的目标。在减肥的过程中，饮食和运动是两个关键因素。最近，有一种说法流行开来：吃完饭后站立30分钟可以帮助减肥。那么，这种说法是否科学？我们将从几个方面来探讨这个问题。
喝中药能去湿气减肥吗,2024-11-25 17:38,来源：互联网,在现代社会，减肥已经成为许多人关注的热门话题。随着生活方式的改变和饮食习惯的影响，湿气问题逐渐受到重视。中医理论认为，湿气是导致身体发胖的一个重要因素。那么，喝中药真的能去湿气、减肥吗？本文将从多个角度进行探讨。
穿着束腰运动减肥效果是不是更好,2024-11-25 17:33,来源：互联网,近年来，束腰运动服装在健身界越来越流行，许多人认为穿着束腰可以帮助减肥，更快地塑造身材。本文将从多个角度探讨穿着束腰运动服装对减肥效果的影响。
高中生如何减掉肚子上的赘肉,2024-11-25 17:36,来源：互联网,在青春期，许多高中生面临着身体变化和体重管理的挑战。肚子上的赘肉不仅影响外观，还可能影响健康。因此，采取科学有效的方法减掉肚子上的赘肉是非常重要的。以下是一些实用的建议，帮助高中生健康减肥。
每天走路多少步能减肥,2024-11-25 17:04,来源：互联网,减肥是许多人关注的话题，而走路作为一种简单易行的运动方式，越来越受到人们的青睐。研究表明，适量的步行不仅有助于减肥，还有助于提升整体健康水平。那么，每天走多少步才能有效减肥呢？以下是一些关键点，帮助你更好地理解步行与减肥之间的关系。
158高130斤怎么减肥,2024-11-25 17:02,来源：互联网,对于身高158cm、体重130斤的人来说，减肥并不是一件简单的事情，但通过科学的方法和坚持不懈的努力，完全可以实现健康减重的目标。以下是一些有效的减肥策略，帮助你在保持健康的同时，达到理想体重。
肚子和小腹大怎么减肥,2024-11-25 17:00,来源：互联网,肚子和小腹的脂肪堆积是许多人面临的常见问题。这不仅影响外观，还可能对健康造成威胁。以下是一些有效的减肥方法，帮助你减掉肚子和小腹的脂肪。
肚子上肉比较硬怎么减,2024-11-22 17:40,来源：互联网,肚子上的肉通常是许多人减肥时最为关注的部位之一，尤其是当这些脂肪变得比较硬的时候。硬肚子肉不仅影响外观，还可能与身体健康有关。因此，了解如何有效减掉这部分脂肪是非常重要的。以下是一些切实可行的方法和建议，帮助你实现目标。
吃激素引起的肥胖容易减下去吗,2024-11-25 16:58,来源：互联网,在现代社会中，肥胖已经成为一个普遍的健康问题，其中一些肥胖的原因与激素的摄入密切相关。许多人在使用激素类药物（如类固醇、激素替代疗法等）后，发现体重迅速增加。那么，吃激素引起的肥胖是否容易减下去呢？本文将从多个方面进行分析。
出汗猛的人是不是更容易减肥,2024-11-22 17:31,来源：互联网,在减肥的过程中，许多人会发现自己在运动时出汗量较大，常常会产生这样的疑问：出汗多的人是不是更容易减肥呢？出汗与减肥之间的关系并不是那么简单，以下几点将为您详细解析这个问题。
50岁女人如何健康减肥,2024-11-22 17:36,来源：互联网,随着年龄的增长，女性的身体发生了许多变化，尤其是在50岁这个关键的年龄段。荷尔蒙水平的变化、新陈代谢的减缓以及生活方式的调整都可能导致体重增加。因此，健康减肥对于50岁女性来说显得尤为重要。以下是一些有效的减肥建议，帮助50岁女性保持健康体重。
副臀上的赘肉怎么减掉,2024-11-22 17:27,来源：互联网,副臀赘肉是许多人在减肥过程中常常面临的困扰，不仅影响身材曲线，也可能影响自信心。要有效减掉副臀上的赘肉，我们需要从饮食、运动和生活习惯等多个方面入手。以下是一些实用的建议：
番泻叶怎样喝才能够减肥,2024-11-22 17:24,来源：互联网,番泻叶（Senna）是一种常见的草药，因其具有促进肠道蠕动的特性而被广泛用于减肥和清肠。然而，正确的饮用方式和适量的使用是非常重要的，过量使用可能会导致健康问题。本文将详细介绍如何利用番泻叶达到减肥效果。
7种更有效的懒人减肥方法,2024-11-22 17:20,来源：互联网,减肥并不一定要通过高强度的锻炼和严格的饮食控制。对于一些人来说，采取一些简单易行的“懒人”减肥方法，可能更适合他们的生活方式。以下是七种有效的懒人减肥方法，帮助你在不知不觉中达到减肥的效果。
肚子和腰如何减肥最有效,2024-11-22 17:05,来源：互联网,减肥是许多人追求的目标，尤其是想要减掉肚子和腰部的多余脂肪。肚子和腰部的脂肪不仅影响外观，还可能对健康造成负面影响。以下是一些有效的减肥策略，帮助你在这两个关键区域取得显著成效。
肚子上松垮垮的肉怎么减,2024-11-22 17:17,来源：互联网,肚子上的松垮垮的肉是许多人面临的一个普遍问题，尤其是在不规律的饮食和缺乏锻炼的生活方式影响下。想要减掉腹部赘肉，需要综合考虑饮食、锻炼和生活习惯等多个方面。以下是一些实用的方法和建议，帮助你有效减掉肚子上的松垮垮的肉。
吃抗糖丸有助于减肥吗,2024-11-22 16:55,来源：互联网,在现代社会，减肥已经成为许多人追求的目标。随着肥胖率的上升，各种减肥方法层出不穷，其中抗糖丸作为一种新兴的减肥辅助产品，逐渐引起了人们的关注。那么，吃抗糖丸真的有助于减肥吗？本文将从多个角度探讨这一问题。
不吃饭减肥10天能瘦多少,2024-11-22 16:49,来源：互联网,减肥是现代社会中许多人追求的目标，尤其是在追求苗条身材的潮流下，很多人选择了极端的减肥方法，其中“不吃饭”成为了不少人的选择。然而，这种方法的效果和安全性值得深入探讨。本文将从几个方面分析不吃饭减肥10天能瘦多少，以及其潜在的风险和更健康的减肥建议。
哺乳期腰和肚子上的赘肉咋减,2024-11-22 16:42,来源：互联网,哺乳期是女性生命中一个特殊的阶段，既要照顾新生儿，又要恢复自己的身体状态。很多妈妈在这个时期会发现，腰部和肚子上多了不少赘肉，这不仅影响了身体形象，也可能影响到自信心。以下是一些有效的方法，帮助哺乳期的妈妈们减掉腰和肚子上的赘肉。
16加8轻断食一个月能瘦多少,2024-11-21 17:39,来源：互联网,16/8轻断食是一种流行的间歇性禁食方法，它的基本原则是每天有16小时的禁食时间和8小时的进食窗口。许多人选择这种饮食方式来减肥、改善健康和提升整体生活质量。那么，实施16/8轻断食一个月后，究竟能瘦多少呢？本文将从多个角度分析这个问题。
50岁女减肥最有效的办法,2024-11-21 17:35,来源：互联网,随着年龄的增长，特别是进入50岁后，女性的身体发生了许多变化，包括新陈代谢减缓、激素水平变化以及肌肉质量的下降。这些因素使得减肥变得更加困难。然而，通过科学合理的方法，50岁女性依然可以有效地减轻体重，保持健康。以下是一些有效的减肥方法，供您参考。
肚子上的赘肉怎样减最快最简单,2024-11-21 17:29,来源：互联网,肚子上的赘肉不仅影响外观，还可能对健康造成负面影响。很多人希望能够快速而简单地减掉腹部脂肪。以下是一些经过验证的方法，帮助你实现这个目标。
女性肚子大湿气重怎么减肥最快,2024-11-21 17:27,来源：互联网,在现代社会中，许多女性面临着肚子肥胖和湿气重的问题。这不仅影响了外貌，也可能对健康造成负面影响。湿气重常常导致身体水肿、消化不良等问题，进一步加重了肥胖的情况。为了帮助女性快速减肥，以下是一些有效的建议，分点阐述。
减掉脸部脂肪最快的运动,2024-11-22 16:59,来源：互联网,脸部脂肪的堆积常常让人感到烦恼，尤其是在追求完美面容的现代社会。虽然局部减脂是一个相对困难的目标，但通过合理的运动和饮食管理，我们仍然可以实现减掉脸部脂肪的效果。以下是一些有效的运动方法和技巧，帮助你快速减掉脸部脂肪。
大腿后面赘肉怎么减掉,2024-11-22 17:10,来源：互联网,大腿后面的赘肉是许多人在减肥过程中面临的一个难题。无论是因为遗传因素、久坐生活方式，还是缺乏锻炼，许多女性和男性都希望能够有效地减掉这一部位的脂肪。下面将从饮食、锻炼和生活方式三个方面，为您提供一些有效的方法。
除了运动减肥最有效的办法是什么,2024-11-21 17:33,来源：互联网,在减肥的过程中，运动无疑是一个重要的组成部分，但并不是唯一的解决方案。许多人在减肥时可能会因为时间、精力或其他原因而无法坚持运动，因此，寻找其他有效的减肥方法显得尤为重要。以下是一些除了运动之外，帮助减肥的有效办法。
肚子上肥肉怎么减掉练出腹肌,2024-11-22 17:13,来源：互联网,腹部肥肉是许多人共同面临的问题，不仅影响外观，还可能对健康造成威胁。要减掉肚子上的肥肉并练出腹肌，需要结合饮食控制、运动锻炼和生活方式的调整。以下是一些有效的方法和建议，帮助你实现目标。
奥利司他胶囊减肥会反弹不,2024-11-22 17:08,来源：互联网,减肥一直是许多人关注的话题，随着生活水平的提高和健康意识的增强，越来越多的人开始寻求有效的减肥方法。奥利司他（Orlistat）作为一种常见的减肥药物，因其能够抑制脂肪吸收而受到青睐。然而，很多人对使用奥利司他减肥后是否会反弹存在疑问。本文将从多个角度探讨这
减肥15天不瘦是什么原因,2024-11-21 17:26,来源：互联网,许多人在开始减肥计划时，都会对自己设定一个明确的目标，希望在短时间内看到显著的变化。然而，15天的减肥过程中，如果没有看到体重的变化，往往会让人感到沮丧和困惑。其实，减肥不瘦的原因可能有很多，以下是一些常见的因素。
脖子上有一圈肉怎么减肥,2024-11-21 17:23,来源：互联网,脖子上的赘肉不仅影响了个人的外观，还可能影响到自信心。很多人希望通过有效的方法来减掉脖子上的脂肪。以下是一些实用的建议，帮助你实现目标。
肚子上的肉很松好减吗,2024-11-21 17:19,来源：互联网,许多人在减肥过程中都会关注腹部脂肪的减少，尤其是肚子上的肉。肚子的脂肪有时看起来很松弛，给人一种容易减掉的错觉。那么，肚子上的肉真的容易减掉吗？在这篇文章中，我们将从多个方面探讨这个问题。
20+4轻断食一个月瘦多少,2024-11-21 17:21,来源：互联网,"轻断食（Intermittent Fasting, IF）近年来受到越来越多人的关注，尤其是20+4轻断食法，即每天有20小时的禁食时间，4小时的进食窗口。这种饮食方式不仅可以帮助减肥，还可能改善身体健康。接下来，我们将探讨20+4轻断食一个月可能带来的减肥效果，以及实施这种方法时需"
肩厚是什么原因造成的怎么减,2024-11-21 17:17,来源：互联网,肩厚，通常指的是肩部的宽度和肌肉的发达程度，很多人希望通过减小肩宽来改善体型，增强整体的美观感。肩厚的形成原因多种多样，下面我们将从几个方面来探讨肩厚的原因以及相应的减小肩宽的方法。
喝水减肥法一个月能减多少,2024-11-21 17:14,来源：互联网,在减肥的过程中，饮食和运动是两个重要的因素。然而，很多人常常忽视了水的重要性。喝水减肥法近年来受到越来越多人的关注。本文将探讨喝水减肥法的原理、效果以及一个月内可能达到的减重效果。
办公室坐着有什么减肥运动,2024-11-21 17:13,来源：互联网,在现代职场中，长时间坐着工作已经成为常态。虽然工作效率可能会提高，但久坐对身体健康的影响却不容忽视。研究表明，久坐不仅会导致肥胖，还可能引发心血管疾病、糖尿病等健康问题。因此，在办公室中进行适当的运动，不仅能帮助减肥，还能提升工作效率和精神状态。以下
陈皮加什么减肥更快,2024-11-21 17:09,来源：互联网,陈皮，作为一种传统的中药材，因其独特的香气和多种健康益处而受到广泛欢迎。近年来，越来越多的人开始关注陈皮在减肥方面的潜力。陈皮不仅可以促进消化、增强食欲，还有助于代谢脂肪。本文将探讨陈皮与其他食材的结合，如何能够更有效地促进减肥。
干荷叶配什么减肥更快,2024-11-21 17:12,来源：互联网,荷叶自古以来就被视为一种具有减肥功效的天然食材。它不仅能够促进新陈代谢，还有助于排毒和改善消化。在减肥的过程中，合理地搭配干荷叶，可以增强其减肥效果。以下是一些干荷叶的搭配建议，帮助你更快达到减肥目标。
减肥可以消除脂肪瘤吗,2024-11-21 17:07,来源：互联网,脂肪瘤是一种良性的肿块，通常由脂肪组织组成，常见于皮肤下，触感柔软且移动性良好。虽然脂肪瘤一般不引发健康问题，但许多人对其外观感到不满，因而寻求减少或消除脂肪瘤的方法。减肥作为一种流行的健康管理手段，是否能够有效消除脂肪瘤呢？本文将从多个方面进行探讨
奥利司他减肥一个月瘦多少,2024-11-20 17:13,来源：互联网,奥利司他（Orlistat）是一种常见的减肥药物，通过抑制肠道对脂肪的吸收来帮助人们减轻体重。许多希望减肥的人会考虑使用奥利司他，但在开始使用之前，了解其效果、机制以及可能的副作用是非常重要的。本文将从以下几个方面探讨奥利司他在一个月内的减肥效果。
21天减肥法一次可以瘦多少,2024-11-20 17:16,来源：互联网,21天减肥法的基本原则是通过改变饮食习惯和增加运动量来促进脂肪燃烧。具体来说，这一方法通常包括以下几个方面：
奥利司他排油还是瘦身,2024-11-20 17:10,来源：互联网,奥利司他（Orlistat）是一种常见的减肥药物，常用于辅助肥胖患者的体重管理。它的主要作用机制是抑制脂肪的吸收，从而达到减肥的效果。在讨论奥利司他的作用时，我们需要明确它是“排油”还是“瘦身”，并深入探讨其效果、机制及注意事项。
奥利司他能减掉囤积脂肪吗,2024-11-20 17:07,来源：互联网,奥利司他（Orlistat）是一种常用于减肥的药物，主要通过抑制肠道内脂肪酶的活性，减少食物中脂肪的吸收，从而帮助人们减轻体重。在探讨奥利司他是否能有效减掉囤积脂肪之前，我们需要了解其作用机制、使用方法、效果以及可能的副作用。
女人肚子大是什么原因怎样能减下来,2024-11-20 17:04,来源：互联网,在现代社会中，许多女性都面临着腹部肥胖的问题。肚子大不仅影响外观，还可能对健康造成威胁。了解肚子大的原因，并采取有效的减肥措施，是每位女性都应关注的课题。以下将从几个方面探讨肚子大的原因及如何减下来的方法。
吃什么中药能减肥调理成易瘦体质,2024-11-20 17:06,来源：互联网,在现代社会，肥胖问题日益严重，减肥已经成为了许多人关注的焦点。中医认为，体质与饮食、生活习惯密切相关，通过调理体质，可以帮助人们更有效地减肥。本文将介绍一些适合减肥的中药，帮助调理成易瘦体质。
120斤怎么减肥最快最有效果,2024-11-19 17:35,来源：互联网,减肥是一项需要耐心和毅力的过程，尤其是当你的目标是减掉120斤的体重时。以下是一些有效的减肥策略，帮助你在保持健康的前提下，快速达到理想体重。
减肥如何一个月暴瘦20斤 方法在这里,2024-11-19 17:23,来源：互联网,减肥是许多人追求健康和美丽的重要目标，而在短时间内实现显著的体重减轻则需要科学的方法和坚定的决心。以下是一些实用的建议，帮助你在一个月内减掉20斤。
40岁女人还能瘦下来吗,2024-11-19 17:18,来源：互联网,在现代社会，随着生活方式的改变和饮食习惯的影响，许多女性在进入中年后发现自己越来越难以保持理想的体重。尤其是40岁以后，身体的新陈代谢逐渐减缓，荷尔蒙水平的变化也可能导致体重增加。然而，40岁并不是减肥的终点，许多女性依然能够通过科学的方法实现减重目标。
120斤小基数怎么减肥最有效,2024-11-19 17:20,来源：互联网,减肥是许多人关注的话题，尤其是对于体重在120斤的小基数人群来说，如何有效减肥显得尤为重要。虽然体重相对较轻，但如果目标是塑造更好的体型或提高身体素质，以下几个方面可以帮助你实现有效减肥。
抽烟能减肥吗怎么减,2024-11-19 17:15,来源：互联网,在现代社会，减肥已经成为许多人关注的话题。随着生活方式的改变和饮食习惯的变化，越来越多的人开始寻求有效的减肥方法。有些人甚至认为抽烟可以帮助减肥，这种观点在某些圈子中流传甚广。然而，抽烟真的能减肥吗？它的危害又是什么？本文将从多个方面探讨这个问题，并
喝中药一个月瘦了20斤正常吗,2024-11-18 17:25,来源：互联网,随着人们生活水平的提高，肥胖问题日益严重，很多人开始寻找各种减肥方法。近年来，中药减肥逐渐受到关注，许多人通过喝中药来达到减肥的效果。那么，喝中药一个月瘦了20斤，这种现象正常吗？本文将从多个角度进行分析。
抽一支烟消耗多少卡路里,2024-11-19 17:11,来源：互联网,在现代社会中，吸烟不仅被视为一种生活习惯，更是一种文化现象。然而，随着健康意识的提高，越来越多的人开始关注吸烟对身体的影响。除了众所周知的健康风险，吸烟是否会消耗卡路里也是一个常被讨论的话题。本文将从多个方面探讨抽烟消耗卡路里的相关信息。
上身肥胖怎么减肥最快,2024-11-18 17:14,来源：互联网,上身肥胖是许多人面临的困扰，尤其是在现代社会中，久坐不动的生活方式和不健康的饮食习惯使得这一问题愈发严重。针对上身肥胖，以下是一些有效的减肥方法和建议，帮助你快速减去上身的多余脂肪。
40岁女人如何快速减肥 8大减肥食谱赶紧收藏,2024-11-18 16:56,来源：互联网,随着年龄的增长，女性的代谢率逐渐下降，尤其是在40岁之后，减肥变得更加困难。然而，通过合理的饮食和科学的生活方式，依然可以有效地实现减肥目标。下面，我们将为40岁女性推荐8大减肥食谱，帮助你快速而健康地减肥。
什么中药可以减肥最快最有效,2024-11-18 17:12,来源：互联网,减肥是许多人关注的话题，尤其是在现代社会中，肥胖问题日益严重。除了饮食控制和运动，越来越多的人开始关注中药减肥的方法。中药以其独特的调理作用，能够在一定程度上帮助减肥。以下是几种被认为有效的中药，以及它们的作用机制和使用方法。
中焦堵塞是减肥的绊脚石？掌握打通中焦的方法，轻松瘦10斤！,2024-11-09 13:42,来源：99健康网,常言道，减肥需要“管住嘴，迈开腿”。然而，许多前来寻求帮助的肥胖患者，尽管已经非常努力地控制饮食和增加运动量，但体重依然难以下降，或者在稍微减重后不久又反弹回去。这种情况很可能是由于中焦的堵塞所致。
走路一万步VS跑步一公里，哪个能更有效地燃烧卡路里？,2024-10-19 09:46,来源：公众号,有人说，跑步太辛苦，不如改成走路，如果步数足够，比如走到一万步，这样的锻炼效果肯定不输给跑步。另一方面，也有人认为，跑步和走路根本不是一个层次，即便是短短的1公里跑步，其锻炼效果也不是简单的走路可以比拟的。
封闭训练营减肥反弹几率大吗,2024-11-18 17:06,来源：互联网,随着生活水平的提高，肥胖问题已经成为了许多人关注的焦点。为了实现快速减肥，许多人选择了封闭训练营，这种集中式的减肥方式在短时间内能够带来显著的效果。然而，减肥后的反弹问题也随之而来。本文将从多个角度分析封闭训练营减肥反弹的几率以及影响因素。
肚子大如何减肥最快最有效,2024-11-18 17:24,来源：互联网,拥有一个平坦的腹部是许多人追求的目标，但由于不健康的饮食习惯和缺乏运动，肚子上的脂肪往往成为困扰我们的难题。以下是一些快速有效的减肥方法，帮助你减掉肚子上的多余脂肪。
一天中易发胖的4个时刻，熬过去就能瘦！成功减肥者，每天都做5件事,2024-08-26 17:38,来源：公众号,随着夏天的到来，许多人又开始紧急进行减肥计划。然而，经历过减肥的人都知道，让体重下降哪怕是一斤也是一项艰巨的任务。减重专家指出，其实体重增加也有特定的时段，只要熬过一天中4个容易增胖的时间段，减肥就会变得相对轻松。
怎么让新陈代谢加快变瘦 9个方法提高你的代谢能力,2024-07-19 14:06,来源：99健康网,新陈代谢是指身体在休息状态下维持基本生命活动所需的能量消耗。加快新陈代谢不仅可以帮助燃烧更多的卡路里，还能促进身体的健康。怎么让新陈代谢加快变瘦呢？
想减肥就要先排毒 减肥六大利器喝起来,2024-06-15 12:07,来源：99健康网,要想轻松瘦身减肥，排毒相当重要，下面小编就要介绍给大家几个排毒的方法，帮助大家快速的达到瘦身减肥的目的，那么平时我们应该选择哪些食物来减肥呢？下面小编就要推荐给大家几种排毒利器。
三天吃鸡蛋能瘦多少 怎样减肥是最健康的,2024-07-17 11:11,来源：99健康网,在追求快速瘦身的时代，各种减肥方法层出不穷，“三天吃鸡蛋减肥法”便是其中之一。这种方法声称通过仅摄入鸡蛋来迅速减少体重。那么三天吃鸡蛋能瘦多少？究竟怎样减肥是最健康的呢？
维生素b几促进代谢减肥 身体代谢慢越来越胖怎么调理,2024-05-15 16:48,来源：99健康网,维生素b几促进代谢减肥？身体代谢慢，越来越胖，怎么调理？身体代谢缓慢和体重增加可能是由多种因素引起的，包括饮食、生活方式、遗传、荷尔蒙变化等。以下是一些建议，可以帮助您调理身体，提高代谢率，减少体重。
减肥最快效果最好方法是什么 刮油最狠的四种减肥蔬菜,2024-05-10 15:37,来源：99健康网,减肥最快效果最好方法是什么？减肥并没有一种最快且效果最好的方法适合所有人，因为每个人的身体状况、生活方式和减肥目标都不同。然而，有一些普遍认可的健康减肥原则可以遵循。
一天中最容易瘦的时间有4个！抓住减肥的黄金时间，减肥又快又有效！,2024-05-30 16:30,来源：99健康网,一天中最容易瘦的时间可能因人而异，因为每个人的新陈代谢和生物钟都不同。然而，有一些普遍的规律和健康建议可以帮助您在一天中更好地管理体重。
怎么减都不掉秤 不容易掉秤的人怎么减肥最好,2024-07-09 16:23,来源：99健康网,减肥对于许多人来说是一项挑战，特别是对于那些发现自己体重难以下降的人。这类人群可能因为新陈代谢慢、遗传因素、生活方式或其他健康问题而难以减重。那么不容易掉秤的人怎么减肥最好呢？
怎样判断自己湿气肥胖 湿气重的人怎么排湿减肥才能瘦,2024-04-26 15:32,来源：99健康网,怎样判断自己湿气肥胖？湿气重的人怎么排湿减肥才能瘦？在中医理论中，湿气肥胖是指由于体内湿气过重而导致的肥胖现象，需要排湿才能有效减肥。
减肥如何提高代谢,2023-12-06 17:19,来源：99健康网,在追求理想体重的过程中，提高代谢是一个至关重要的环节。代谢的提升可以使身体更有效地燃烧卡路里，促进脂肪分解，进而实现减肥的目标。
世界公认减肥最快的方法 带着饥饿感入睡第二天会瘦吗,2024-04-16 15:55,来源：99健康网,世界公认减肥最快的方法是什么呢？健康和持久的减肥是一个过程，需要耐心和坚持。选择适合自己的减肥方法，并在实践中逐步改善生活习惯，才能取得长期的减肥效果。
人一天消耗多少卡路里能减肥,2023-11-30 19:57,来源：99健康网,减肥是现代人永恒的话题，而卡路里摄入与消耗的平衡则是减肥的核心。那么，人一天消耗多少卡路里才能减肥呢？本文将为您揭秘这个神秘的数字。
减肥如何一个月暴瘦20斤,2023-12-06 17:17,来源：99健康网,随着生活节奏的加快，越来越多的人面临着肥胖问题。减肥成为了很多人日常生活中的重要课题。
减掉一公斤脂肪要消耗多少大卡,2023-11-30 19:29,来源：99健康网,减肥是许多人关心的话题，尤其是如何有效地减掉多余的脂肪。在这个过程中，了解如何计算消耗脂肪所需的热量是非常重要的。
